timestamp,x,y,z,theta_x,theta_y,theta_z
1779271003.1832397,0.2139018028974533,0.06066199019551277,0.22932082414627075,2.9210004806518555,175.44993591308594,28.745710372924805
1779271003.2085648,0.2139061987400055,0.06066092848777771,0.22932271659374237,2.921480417251587,175.4491729736328,28.745027542114258
1779271003.2332666,0.21389904618263245,0.06065916642546654,0.22931838035583496,2.921029806137085,175.45059204101562,28.744508743286133
1779271003.2581742,0.2139032781124115,0.06066187471151352,0.2293207347393036,2.9214928150177,175.44955444335938,28.74509620666504
1779271003.2831504,0.21389886736869812,0.06065858528017998,0.22932098805904388,2.9213130474090576,175.4508514404297,28.744890213012695
1779271003.308081,0.21389831602573395,0.06066093221306801,0.2293180227279663,2.920720338821411,175.4503936767578,28.743865966796875
1779271003.334264,0.21390299499034882,0.06066527217626572,0.22932130098342896,2.9206299781799316,175.44915771484375,28.745532989501953
1779271003.3584552,0.21390400826931,0.060663025826215744,0.2293211966753006,2.9207682609558105,175.44915771484375,28.744098663330078
1779271003.3835762,0.21390242874622345,0.06066142022609711,0.22932228446006775,2.921112298965454,175.4495391845703,28.745162963867188
1779271003.4082665,0.2139005959033966,0.060660332441329956,0.22932106256484985,2.9209556579589844,175.45018005371094,28.74427604675293
1779271003.4349961,0.21389922499656677,0.060660846531391144,0.2293175756931305,2.9212300777435303,175.45045471191406,28.74536895751953
1779271003.4583938,0.21390122175216675,0.06066393852233887,0.22931891679763794,2.9206793308258057,175.44967651367188,28.7451229095459
1779271003.482209,0.21390002965927124,0.060660600662231445,0.22931963205337524,2.921022891998291,175.45033264160156,28.745080947875977
1779271003.5088677,0.21390101313591003,0.0606619231402874,0.22932113707065582,2.9209182262420654,175.44996643066406,28.74456214904785
1779271003.5340428,0.21390335261821747,0.060665763914585114,0.22932152450084686,2.920819044113159,175.44891357421875,28.74610710144043
1779271003.5577044,0.21389953792095184,0.06066187471151352,0.2293185442686081,2.9207406044006348,175.4501495361328,28.744726181030273
1779271003.5839972,0.21390385925769806,0.06066151335835457,0.22932039201259613,2.9213192462921143,175.449462890625,28.7454776763916
1779271003.6094596,0.21390299499034882,0.06066218391060829,0.22932305932044983,2.920905113220215,175.44956970214844,28.744916915893555
1779271003.633614,0.2138986736536026,0.06065985560417175,0.22931993007659912,2.920844078063965,175.45083618164062,28.74418067932129
1779271003.6570454,0.21389974653720856,0.06066184118390083,0.22932039201259613,2.9212496280670166,175.45042419433594,28.745683670043945
1779271003.6841075,0.2139001190662384,0.06066536530852318,0.22932006418704987,2.9200925827026367,175.44976806640625,28.744945526123047
1779271003.7081351,0.2138977199792862,0.06066332757472992,0.2293187528848648,2.920588254928589,175.45045471191406,28.744863510131836
1779271003.7327113,0.21390298008918762,0.06066316366195679,0.2293200045824051,2.9210641384124756,175.4495086669922,28.745040893554688
1779271003.7591467,0.21390235424041748,0.060663461685180664,0.22932244837284088,2.9206345081329346,175.44943237304688,28.74457550048828
1779271003.7841978,0.21390044689178467,0.06066220626235008,0.22931981086730957,2.920996904373169,175.45010375976562,28.745573043823242
1779271003.8073761,0.21390019357204437,0.060659900307655334,0.22931979596614838,2.9214377403259277,175.45034790039062,28.74528694152832
1779271003.8340714,0.21390196681022644,0.060661446303129196,0.22932076454162598,2.9209516048431396,175.44972229003906,28.74536895751953
1779271003.8573875,0.21389809250831604,0.06065940484404564,0.22932003438472748,2.920886754989624,175.4508056640625,28.744821548461914
1779271003.8843863,0.21390214562416077,0.0606653057038784,0.22932149469852448,2.9201977252960205,175.4492645263672,28.74446678161621
1779271003.9084558,0.21390263736248016,0.06066466495394707,0.22932107746601105,2.9204490184783936,175.44940185546875,28.744768142700195
1779271003.933038,0.21389903128147125,0.06065956875681877,0.22931884229183197,2.9208693504333496,175.45071411132812,28.744712829589844
1779271003.9572873,0.21390117704868317,0.06065957248210907,0.22932001948356628,2.9209582805633545,175.45004272460938,28.74445343017578
1779271003.9821663,0.21390193700790405,0.060663316398859024,0.2293223738670349,2.9209442138671875,175.44973754882812,28.745559692382812
1779271004.0084054,0.21390174329280853,0.06066013500094414,0.22932158410549164,2.9211432933807373,175.45010375976562,28.744125366210938
1779271004.0341914,0.21390150487422943,0.06066303700208664,0.22932057082653046,2.920940637588501,175.44993591308594,28.745149612426758
1779271004.057126,0.21390503644943237,0.060662198811769485,0.22932076454162598,2.9209847450256348,175.44891357421875,28.744712829589844
1779271004.0819294,0.2138996124267578,0.06065896898508072,0.2293194830417633,2.921046018600464,175.45057678222656,28.74456214904785
1779271004.1082678,0.21390193700790405,0.060661088675260544,0.2293194681406021,2.921112537384033,175.44979858398438,28.744754791259766
1779271004.1330063,0.21389959752559662,0.06066088005900383,0.2293214052915573,2.920600414276123,175.45028686523438,28.74441146850586
1779271004.1583762,0.213904470205307,0.06066255643963814,0.2293209731578827,2.921196460723877,175.44908142089844,28.744754791259766
1779271004.1820517,0.21390336751937866,0.060660526156425476,0.22932352125644684,2.9215052127838135,175.44947814941406,28.744972229003906
1779271004.2073667,0.21390332281589508,0.060667138546705246,0.2293192595243454,2.920325994491577,175.44879150390625,28.745027542114258
1779271004.2335074,0.21390008926391602,0.060661233961582184,0.22931841015815735,2.920985460281372,175.45025634765625,28.745014190673828
1779271004.2570517,0.21390163898468018,0.06066419556736946,0.22932037711143494,2.9206628799438477,175.44955444335938,28.74510955810547
1779271004.2833014,0.21390214562416077,0.06065882742404938,0.22932012379169464,2.921412706375122,175.45010375976562,28.744945526123047
1779271004.30732,0.21390415728092194,0.060659121721982956,0.2293226271867752,2.9212729930877686,175.44949340820312,28.744016647338867
1779271004.33425,0.213902547955513,0.060660820454359055,0.22932085394859314,2.9210667610168457,175.4496612548828,28.744152069091797
1779271004.3575346,0.21390306949615479,0.06066480278968811,0.22932234406471252,2.920850992202759,175.4495391845703,28.744850158691406
1779271004.3832698,0.2139047086238861,0.06066374108195305,0.2293231189250946,2.9209353923797607,175.4489288330078,28.744220733642578
1779271004.4075942,0.21389974653720856,0.060664013028144836,0.22931890189647675,2.920708417892456,175.44985961914062,28.74538230895996
1779271004.4329624,0.21390187740325928,0.06065991893410683,0.2293207049369812,2.921353816986084,175.44992065429688,28.744794845581055
1779271004.4580152,0.21389812231063843,0.06065841019153595,0.2293184995651245,2.921098470687866,175.45098876953125,28.74448013305664
1779271004.4835885,0.21390116214752197,0.06066126376390457,0.22931961715221405,2.9206855297088623,175.44970703125,28.744535446166992
1779271004.5088077,0.21390236914157867,0.06066136807203293,0.22932128608226776,2.921165943145752,175.44979858398438,28.74536895751953
1779271004.533402,0.21390025317668915,0.06066048517823219,0.22932018339633942,2.9207828044891357,175.4501953125,28.744712829589844
1779271004.5577693,0.21390071511268616,0.06066279485821724,0.22931936383247375,2.920680284500122,175.4497833251953,28.744739532470703
1779271004.5953581,0.21390271186828613,0.060660287737846375,0.22932149469852448,2.921144485473633,175.4497528076172,28.744863510131836
1779271004.6078038,0.21390141546726227,0.06066184863448143,0.22932122647762299,2.9211530685424805,175.44998168945312,28.744998931884766
1779271004.633653,0.2139042466878891,0.06066283956170082,0.22932100296020508,2.921121597290039,175.4495391845703,28.74539566040039
1779271004.6585474,0.2138994336128235,0.06066615879535675,0.22931890189647675,2.9200797080993652,175.44979858398438,28.745027542114258
1779271004.6834104,0.213900625705719,0.06066540628671646,0.22932006418704987,2.9202775955200195,175.4495849609375,28.74517822265625
1779271004.7087514,0.21390217542648315,0.06065860390663147,0.22931991517543793,2.921839714050293,175.4501953125,28.74527359008789
1779271004.7333372,0.2138994187116623,0.060662105679512024,0.2293197363615036,2.920605182647705,175.45025634765625,28.744945526123047
1779271004.758036,0.21390321850776672,0.06066137179732323,0.22932091355323792,2.921064853668213,175.44947814941406,28.744604110717773
1779271004.783521,0.2139008492231369,0.06066417321562767,0.22932153940200806,2.9206974506378174,175.4496612548828,28.74542236328125
1779271004.8090413,0.21390138566493988,0.06066682189702988,0.22932168841362,2.9198343753814697,175.4493865966797,28.744958877563477
1779271004.8329284,0.21389970183372498,0.06066266447305679,0.2293202131986618,2.9203386306762695,175.4501190185547,28.74428939819336
1779271004.857372,0.2139006406068802,0.060661640018224716,0.22932039201259613,2.9209396839141846,175.44992065429688,28.744998931884766
1779271004.8833702,0.21390290558338165,0.06066415086388588,0.2293204963207245,2.9208414554595947,175.44935607910156,28.74517822265625
1779271004.9085505,0.2139035314321518,0.060661204159259796,0.2293221354484558,2.921344041824341,175.44964599609375,28.74523162841797
1779271004.9334846,0.21390306949615479,0.0606645904481411,0.2293221652507782,2.920581340789795,175.44912719726562,28.744726181030273
1779271004.95889,0.21390263736248016,0.06066299229860306,0.2293216735124588,2.920651435852051,175.449462890625,28.744644165039062
1779271004.9818213,0.2139005959033966,0.06066000461578369,0.22932051122188568,2.9212238788604736,175.45016479492188,28.74536895751953
1779271005.007105,0.21389921009540558,0.06066231057047844,0.22931905090808868,2.9207205772399902,175.4501953125,28.74444007873535
1779271005.0331962,0.21390387415885925,0.06066291034221649,0.22932156920433044,2.9208273887634277,175.44932556152344,28.744522094726562
1779271005.0580928,0.21390049159526825,0.06066291034221649,0.22932201623916626,2.920562744140625,175.449951171875,28.744932174682617
1779271005.0833926,0.21390345692634583,0.06066456809639931,0.22932228446006775,2.920811414718628,175.4491424560547,28.745162963867188
1779271005.107755,0.21390052139759064,0.06066518276929855,0.2293209582567215,2.9207072257995605,175.44979858398438,28.74549102783203
1779271005.1344817,0.21390311419963837,0.060660190880298615,0.22932112216949463,2.9212770462036133,175.44964599609375,28.744220733642578
1779271005.1575778,0.21390359103679657,0.06066130846738815,0.2293211817741394,2.921309232711792,175.44947814941406,28.7452449798584
1779271005.1836183,0.21390287578105927,0.06066199764609337,0.22932033240795135,2.921388864517212,175.44969177246094,28.74616050720215
1779271005.207795,0.2139016091823578,0.06066207215189934,0.22932031750679016,2.9211182594299316,175.44979858398438,28.745014190673828
1779271005.2353764,0.2139005959033966,0.060660313814878464,0.22932082414627075,2.920983076095581,175.4502716064453,28.74448013305664
1779271005.2576656,0.213901549577713,0.060664102435112,0.22932133078575134,2.9206790924072266,175.44972229003906,28.744863510131836
1779271005.2823465,0.21389968693256378,0.06066087633371353,0.22932042181491852,2.920994281768799,175.45034790039062,28.744754791259766
1779271005.3078725,0.21390289068222046,0.06066261976957321,0.22931969165802002,2.9206748008728027,175.44955444335938,28.744754791259766
1779271005.3337493,0.21389928460121155,0.060662779957056046,0.22932009398937225,2.9201714992523193,175.45013427734375,28.744726181030273
1779271005.3576555,0.21389949321746826,0.06066145375370979,0.22932012379169464,2.921006441116333,175.45042419433594,28.744916915893555
1779271005.382688,0.21389912068843842,0.060664042830467224,0.22932039201259613,2.920795440673828,175.45034790039062,28.745464324951172
1779271005.4083753,0.21390017867088318,0.06066327914595604,0.22931954264640808,2.920513868331909,175.4499053955078,28.744657516479492
1779271005.433303,0.2139005810022354,0.0606599785387516,0.22931990027427673,2.921199321746826,175.45028686523438,28.744726181030273
1779271005.4580212,0.21390090882778168,0.060659147799015045,0.22932063043117523,2.9213926792144775,175.45033264160156,28.74434471130371
1779271005.4832878,0.21390192210674286,0.06066317483782768,0.22932010889053345,2.92065691947937,175.4496307373047,28.744617462158203
1779271005.5072308,0.21390292048454285,0.060662850737571716,0.22932271659374237,2.9208104610443115,175.4493865966797,28.744234085083008
1779271005.5328627,0.21389979124069214,0.06066349148750305,0.2293202131986618,2.9202475547790527,175.4496612548828,28.74424934387207
1779271005.5583951,0.21390071511268616,0.06066165119409561,0.2293224185705185,2.9209601879119873,175.45008850097656,28.744739532470703
1779271005.5843894,0.21389971673488617,0.06066422909498215,0.22932042181491852,2.9205265045166016,175.4498748779297,28.745149612426758
1779271005.607994,0.21390005946159363,0.060666028410196304,0.22931978106498718,2.919999361038208,175.44956970214844,28.7442626953125
1779271005.632524,0.2139016091823578,0.06066545099020004,0.229320228099823,2.920628547668457,175.44937133789062,28.74538230895996
1779271005.6577659,0.21390268206596375,0.06066333130002022,0.22931982576847076,2.9207754135131836,175.44924926757812,28.74439811706543
1779271005.684115,0.21390436589717865,0.06066295504570007,0.22932124137878418,2.920989751815796,175.44921875,28.74433135986328
1779271005.7077887,0.21390250325202942,0.06066230684518814,0.22931990027427673,2.9206607341766357,175.449462890625,28.744754791259766
1779271005.7333083,0.21389997005462646,0.060661617666482925,0.2293209582567215,2.9207684993743896,175.44998168945312,28.74521827697754
1779271005.7585766,0.21390391886234283,0.06066317856311798,0.22932091355323792,2.92106032371521,175.44908142089844,28.745750427246094
1779271005.7836037,0.21390199661254883,0.060664720833301544,0.22931954264640808,2.920518159866333,175.44956970214844,28.745546340942383
1779271005.8084269,0.21389806270599365,0.06066160276532173,0.2293187528848648,2.921104907989502,175.45077514648438,28.745832443237305
1779271005.8333657,0.2138991504907608,0.06066225469112396,0.2293192446231842,2.9208014011383057,175.45040893554688,28.745080947875977
1779271005.8570535,0.21390272676944733,0.06066371873021126,0.22932301461696625,2.920689582824707,175.44955444335938,28.744998931884766
1779271005.8826053,0.21390467882156372,0.060661617666482925,0.22932150959968567,2.9215540885925293,175.44947814941406,28.745861053466797
1779271005.9077785,0.2138976901769638,0.060663674026727676,0.22932027280330658,2.920471429824829,175.45054626464844,28.745697021484375
1779271005.9331355,0.21390582621097565,0.06066518276929855,0.22932219505310059,2.920682668685913,175.44854736328125,28.74449348449707
1779271005.957257,0.21390093863010406,0.06066320091485977,0.22932007908821106,2.9209258556365967,175.44984436035156,28.74530029296875
1779271005.9818711,0.21390220522880554,0.06066017970442772,0.22932125627994537,2.9213740825653076,175.45004272460938,28.744781494140625
1779271006.007469,0.21389906108379364,0.060659829527139664,0.22931958734989166,2.921114683151245,175.4508056640625,28.74527359008789
1779271006.033191,0.21390146017074585,0.06066041812300682,0.22931988537311554,2.9209985733032227,175.4501190185547,28.745014190673828
1779271006.0577648,0.21390214562416077,0.06066521257162094,0.22932149469852448,2.920635461807251,175.44927978515625,28.745437622070312
1779271006.0828214,0.21389830112457275,0.06066352501511574,0.22931818664073944,2.9207818508148193,175.45022583007812,28.745710372924805
1779271006.107538,0.21390311419963837,0.060663606971502304,0.22932131588459015,2.920811891555786,175.4491424560547,28.745027542114258
1779271006.1328514,0.21390044689178467,0.06066161394119263,0.2293201982975006,2.9205899238586426,175.44996643066406,28.74509620666504
1779271006.157518,0.21390612423419952,0.06066382676362991,0.2293226420879364,2.9211907386779785,175.44874572753906,28.74538230895996
1779271006.1822839,0.21390491724014282,0.06066233664751053,0.22932150959968567,2.9212682247161865,175.44921875,28.74526023864746
1779271006.2074077,0.21389828622341156,0.06066286936402321,0.22931887209415436,2.9203989505767822,175.45042419433594,28.744781494140625
1779271006.2328136,0.2139004021883011,0.06066151708364487,0.22932066023349762,2.9205918312072754,175.45005798339844,28.744863510131836
1779271006.2600842,0.21390138566493988,0.060664597898721695,0.2293211668729782,2.920666217803955,175.4497528076172,28.744781494140625
1779271006.2844377,0.21390098333358765,0.0606665201485157,0.22931985557079315,2.920469284057617,175.44944763183594,28.745683670043945
1779271006.3085978,0.21390315890312195,0.060664378106594086,0.2293202430009842,2.920799732208252,175.44918823242188,28.744985580444336
1779271006.332421,0.21390341222286224,0.0606616772711277,0.22932139039039612,2.9212887287139893,175.44961547851562,28.744712829589844
1779271006.3576558,0.2139006406068802,0.060660868883132935,0.22931842505931854,2.920710802078247,175.44998168945312,28.74431610107422
1779271006.3836436,0.2139028161764145,0.0606648325920105,0.2293199598789215,2.9204838275909424,175.44927978515625,28.745628356933594
1779271006.4070544,0.21389806270599365,0.06066099554300308,0.22932051122188568,2.920712947845459,175.45069885253906,28.745342254638672
1779271006.4331758,0.21389703452587128,0.06066015362739563,0.22931817173957825,2.921074628829956,175.4510498046875,28.744617462158203
1779271006.4578311,0.2139003574848175,0.06066380813717842,0.229319766163826,2.920750141143799,175.4499053955078,28.745655059814453
1779271006.4840286,0.21390345692634583,0.060663674026727676,0.22932139039039612,2.920588970184326,175.4490966796875,28.744686126708984
1779271006.507933,0.213902086019516,0.060662757605314255,0.229322150349617,2.920900583267212,175.4497528076172,28.744768142700195
1779271006.5342283,0.2139018177986145,0.06066363304853439,0.22932037711143494,2.920611619949341,175.44952392578125,28.74430274963379
1779271006.5585918,0.21389693021774292,0.060662027448415756,0.22931860387325287,2.9199864864349365,175.4506072998047,28.744003295898438
1779271006.5839844,0.213898703455925,0.0606597401201725,0.2293195128440857,2.9213168621063232,175.4510040283203,28.744972229003906
1779271006.6082404,0.21390101313591003,0.060664355754852295,0.22931966185569763,2.9206855297088623,175.44970703125,28.74523162841797
1779271006.6331193,0.2139013409614563,0.060667190700769424,0.22932153940200806,2.920229196548462,175.44943237304688,28.745014190673828
1779271006.657436,0.21390286087989807,0.060666076838970184,0.22932206094264984,2.920463800430298,175.44918823242188,28.745683670043945
1779271006.6843796,0.21390359103679657,0.060662321746349335,0.22932198643684387,2.9210615158081055,175.44943237304688,28.744739532470703
1779271006.7083464,0.21390102803707123,0.06066196411848068,0.22931988537311554,2.920980215072632,175.45010375976562,28.74520492553711
1779271006.733108,0.21390490233898163,0.060664158314466476,0.22932204604148865,2.9205546379089355,175.4487762451172,28.744768142700195
1779271006.7589176,0.21390248835086823,0.060662563890218735,0.22932034730911255,2.9208824634552,175.44960021972656,28.744890213012695
1779271006.782954,0.21390120685100555,0.06066260486841202,0.22932012379169464,2.9206693172454834,175.44979858398438,28.744384765625
1779271006.8091455,0.2139003425836563,0.06066140532493591,0.22932013869285583,2.921004056930542,175.45022583007812,28.74520492553711
1779271006.8347936,0.21390345692634583,0.06066286563873291,0.2293195277452469,2.920992851257324,175.4491729736328,28.744699478149414
1779271006.858621,0.2138984501361847,0.060661934316158295,0.2293185442686081,2.92059063911438,175.45028686523438,28.744863510131836
1779271006.8837216,0.21390201151371002,0.0606650747358799,0.2293209284543991,2.9206831455230713,175.44967651367188,28.74521827697754
1779271006.9079752,0.21390613913536072,0.060663025826215744,0.22932207584381104,2.92091965675354,175.44859313964844,28.74448013305664
1779271006.9328098,0.21390092372894287,0.06066321209073067,0.2293204516172409,2.9208383560180664,175.44967651367188,28.74444007873535
1779271006.9566495,0.21390080451965332,0.06066184863448143,0.22931967675685883,2.920915126800537,175.44970703125,28.74523162841797
1779271006.9833632,0.21390503644943237,0.06066575273871422,0.22932346165180206,2.9208459854125977,175.44894409179688,28.746009826660156
1779271007.0079901,0.21390119194984436,0.060664065182209015,0.22932018339633942,2.9209256172180176,175.44985961914062,28.745437622070312
1779271007.0338728,0.2138998806476593,0.06066476181149483,0.2293216586112976,2.92026686668396,175.44973754882812,28.744508743286133
1779271007.0577273,0.21390259265899658,0.06066303327679634,0.2293209433555603,2.9212629795074463,175.449462890625,28.745162963867188
1779271007.0837798,0.2139023095369339,0.060662463307380676,0.22931897640228271,2.920893430709839,175.4495086669922,28.7453556060791
1779271007.1084986,0.2138986885547638,0.06065988913178444,0.22931987047195435,2.9208791255950928,175.45066833496094,28.745040893554688
1779271007.1332612,0.21389928460121155,0.06066133826971054,0.22931857407093048,2.921055316925049,175.4503936767578,28.745792388916016
1779271007.1572447,0.2138984352350235,0.060662612318992615,0.22931958734989166,2.920612096786499,175.4504852294922,28.744781494140625
1779271007.1826155,0.21389932930469513,0.06066242605447769,0.2293185442686081,2.920741081237793,175.4501495361328,28.744876861572266
1779271007.2083685,0.2138996124267578,0.060665857046842575,0.22932018339633942,2.9202561378479004,175.4499053955078,28.74437141418457
1779271007.2350192,0.21390332281589508,0.0606633685529232,0.22932220995426178,2.921020984649658,175.44937133789062,28.744590759277344
1779271007.258794,0.21389740705490112,0.060660503804683685,0.22931958734989166,2.920691728591919,175.4508514404297,28.744699478149414
1779271007.2845209,0.21390454471111298,0.06066495552659035,0.2293217033147812,2.9210257530212402,175.4491424560547,28.74538230895996
1779271007.3079095,0.21390263736248016,0.06066298484802246,0.22932139039039612,2.9206631183624268,175.4495391845703,28.744657516479492
1779271007.3320348,0.21390347182750702,0.060663338750600815,0.22932042181491852,2.920793294906616,175.4491424560547,28.744699478149414
1779271007.3579898,0.21390309929847717,0.06066449359059334,0.22932180762290955,2.9210338592529297,175.44927978515625,28.74530029296875
1779271007.3830664,0.2139013558626175,0.060661185532808304,0.22931915521621704,2.9211585521698,175.4499053955078,28.74530029296875
1779271007.4090767,0.2139025181531906,0.06066687032580376,0.22932052612304688,2.9201838970184326,175.44927978515625,28.74456214904785
1779271007.4344945,0.21390271186828613,0.06066500023007393,0.22932253777980804,2.9206202030181885,175.4492645263672,28.745080947875977
1779271007.457007,0.21389862895011902,0.06066308915615082,0.22932030260562897,2.9207935333251953,175.45033264160156,28.74532699584961
1779271007.4817069,0.21390016376972198,0.06066330149769783,0.229319766163826,2.9205071926116943,175.44985961914062,28.744672775268555
1779271007.5073137,0.2139022946357727,0.06066291406750679,0.22932188212871552,2.920959949493408,175.4496612548828,28.745832443237305
1779271007.533062,0.21389876306056976,0.06065979227423668,0.22932074964046478,2.921316385269165,175.45071411132812,28.745601654052734
1779271007.5591345,0.21390138566493988,0.06066072732210159,0.2293214052915573,2.920762062072754,175.45013427734375,28.74434471130371
1779271007.5832558,0.21390236914157867,0.06066403165459633,0.22932210564613342,2.92065167427063,175.44935607910156,28.745149612426758
1779271007.6086755,0.21389608085155487,0.060661423951387405,0.22931720316410065,2.9207773208618164,175.45108032226562,28.745983123779297
1779271007.6325593,0.21390104293823242,0.060658395290374756,0.22932018339633942,2.9212043285369873,175.45022583007812,28.744508743286133
1779271007.6586497,0.21389766037464142,0.06065807119011879,0.22931839525699615,2.9210972785949707,175.45098876953125,28.74448013305664
1779271007.6832237,0.21389813721179962,0.06066214293241501,0.2293204814195633,2.9203615188598633,175.450439453125,28.743988037109375
1779271007.7081215,0.21390536427497864,0.06066054105758667,0.22932212054729462,2.921665668487549,175.4492950439453,28.744739532470703
1779271007.7324388,0.2139020711183548,0.060662221163511276,0.22932030260562897,2.9208643436431885,175.4495849609375,28.744672775268555
1779271007.7569454,0.21389980614185333,0.06066369265317917,0.22931961715221405,2.920530080795288,175.4500732421875,28.744590759277344
1779271007.7831893,0.21390162408351898,0.06066056340932846,0.22931943833827972,2.920933723449707,175.45001220703125,28.744384765625
1779271007.8086667,0.21389658749103546,0.06066088005900383,0.22931768000125885,2.9208338260650635,175.45089721679688,28.74456214904785
1779271007.833208,0.21389639377593994,0.06065981462597847,0.2293189913034439,2.9213674068450928,175.45130920410156,28.74536895751953
1779271007.8573523,0.21390342712402344,0.06066332757472992,0.22931984066963196,2.920783281326294,175.4492950439453,28.74427604675293
1779271007.8831015,0.2139001190662384,0.060659345239400864,0.22932057082653046,2.9210383892059326,175.45033264160156,28.744985580444336
1779271007.9091809,0.21389815211296082,0.06066194921731949,0.22931870818138123,2.9202351570129395,175.45045471191406,28.744945526123047
1779271007.9339042,0.2139037847518921,0.06066475808620453,0.22932453453540802,2.920861005783081,175.4490203857422,28.745983123779297
1779271007.9585938,0.21390080451965332,0.0606594942510128,0.22931958734989166,2.9211902618408203,175.45016479492188,28.744794845581055
1779271007.9833238,0.21390016376972198,0.06066194176673889,0.22932128608226776,2.9206058979034424,175.45013427734375,28.744985580444336
1779271008.0079088,0.2139001339673996,0.06066335365176201,0.22931692004203796,2.920469045639038,175.44969177246094,28.744712829589844
1779271008.0359025,0.21389956772327423,0.06066030636429787,0.22931751608848572,2.9210140705108643,175.45045471191406,28.744890213012695
1779271008.0584776,0.2139008343219757,0.060659077018499374,0.22932128608226776,2.921490430831909,175.45045471191406,28.74540901184082
1779271008.0832272,0.21389880776405334,0.0606568269431591,0.22931931912899017,2.9215381145477295,175.45086669921875,28.745040893554688
1779271008.107643,0.21390269696712494,0.060663219541311264,0.22932305932044983,2.920922040939331,175.4495849609375,28.74540901184082
1779271008.134206,0.21390534937381744,0.060667335987091064,0.22932179272174835,2.920661449432373,175.4484405517578,28.745054244995117
1779271008.156898,0.21389871835708618,0.06066286563873291,0.22931881248950958,2.920620918273926,175.45028686523438,28.745450973510742
1779271008.1830726,0.213901087641716,0.060664672404527664,0.22932061553001404,2.9204795360565186,175.44967651367188,28.744808197021484
1779271008.2084742,0.21390177309513092,0.06066092103719711,0.22932137548923492,2.921090841293335,175.44970703125,28.744508743286133
1779271008.2325363,0.21389982104301453,0.06066293269395828,0.22932069003582,2.920954942703247,175.45030212402344,28.744754791259766
1779271008.256744,0.2138998657464981,0.060661524534225464,0.22932101786136627,2.9207711219787598,175.4501953125,28.744781494140625
1779271008.283703,0.2139035314321518,0.06066122278571129,0.2293216437101364,2.921243667602539,175.44952392578125,28.74416732788086
1779271008.3085701,0.21390274167060852,0.06066398695111275,0.22932173311710358,2.920868158340454,175.44947814941406,28.745162963867188
1779271008.331382,0.21389932930469513,0.06066243350505829,0.22931836545467377,2.9207632541656494,175.4501953125,28.74509620666504
1779271008.3580105,0.2139013409614563,0.0606636218726635,0.2293211966753006,2.9205565452575684,175.44976806640625,28.74538230895996
1779271008.384719,0.21389804780483246,0.06066322699189186,0.22931958734989166,2.9207701683044434,175.45046997070312,28.744836807250977
1779271008.4079902,0.21390148997306824,0.06066305190324783,0.22932028770446777,2.920919418334961,175.44981384277344,28.745162963867188
1779271008.4327161,0.21389572322368622,0.06065979227423668,0.22931741178035736,2.920769214630127,175.45118713378906,28.74526023864746
1779271008.4585457,0.2139039933681488,0.060662876814603806,0.2293226569890976,2.9212536811828613,175.44911193847656,28.745519638061523
1779271008.4848998,0.21389935910701752,0.06066363304853439,0.2293204963207245,2.920736074447632,175.45005798339844,28.7451229095459
1779271008.5081015,0.21389953792095184,0.060664571821689606,0.22931887209415436,2.9202840328216553,175.4498291015625,28.744754791259766
1779271008.5334246,0.21390388906002045,0.06066316366195679,0.22932051122188568,2.92106032371521,175.44920349121094,28.745532989501953
1779271008.557577,0.2139003723859787,0.06066111847758293,0.22932016849517822,2.921149253845215,175.4499969482422,28.745014190673828
1779271008.5838392,0.2139013111591339,0.06066054478287697,0.2293204516172409,2.9211604595184326,175.44996643066406,28.744945526123047
1779271008.6086667,0.21390210092067719,0.060660067945718765,0.22932150959968567,2.921452045440674,175.45022583007812,28.74542236328125
1779271008.6350627,0.21390002965927124,0.060662057250738144,0.22932051122188568,2.9211888313293457,175.45013427734375,28.7454776763916
1779271008.6588213,0.21390202641487122,0.06065952032804489,0.2293209582567215,2.921635150909424,175.45013427734375,28.74540901184082
1779271008.6832194,0.21390266716480255,0.06066026911139488,0.22932106256484985,2.9211292266845703,175.44984436035156,28.74444007873535
1779271008.7083633,0.21390296518802643,0.060665249824523926,0.2293209284543991,2.9205918312072754,175.44921875,28.744890213012695
1779271008.7337806,0.21390096843242645,0.06066625565290451,0.22932058572769165,2.920283555984497,175.44969177246094,28.74509620666504
1779271008.7599711,0.21390092372894287,0.06066182255744934,0.22932203114032745,2.9209344387054443,175.449951171875,28.744754791259766
1779271008.7828078,0.21390090882778168,0.06066253408789635,0.22932055592536926,2.921006679534912,175.44996643066406,28.745983123779297
1779271008.809553,0.21390029788017273,0.060663141310214996,0.22931984066963196,2.9207310676574707,175.45005798339844,28.744863510131836
1779271008.8346903,0.21389992535114288,0.060661572962999344,0.2293204963207245,2.9207684993743896,175.45008850097656,28.744998931884766
1779271008.8595803,0.21390220522880554,0.06066358461976051,0.22932069003582,2.920821189880371,175.44949340820312,28.744535446166992
1779271008.883059,0.21390306949615479,0.06066625192761421,0.22932112216949463,2.920412540435791,175.44918823242188,28.745040893554688
1779271008.908272,0.21390041708946228,0.06066218391060829,0.22931936383247375,2.9209837913513184,175.45021057128906,28.745162963867188
1779271008.9332938,0.21390262246131897,0.06066450849175453,0.22932222485542297,2.9208648204803467,175.44935607910156,28.74550437927246
1779271008.9572802,0.21389886736869812,0.060659896582365036,0.22931966185569763,2.9213435649871826,175.4508056640625,28.745832443237305
1779271008.9828064,0.21389901638031006,0.060660470277071,0.22931967675685883,2.9206061363220215,175.45045471191406,28.744220733642578
1779271009.0079675,0.21390244364738464,0.06066220998764038,0.22932279109954834,2.9213151931762695,175.44964599609375,28.74519157409668
1779271009.0339556,0.21390248835086823,0.06066416576504707,0.22932012379169464,2.920637607574463,175.4494171142578,28.744958877563477
1779271009.0578263,0.2138996571302414,0.060660526156425476,0.22931930422782898,2.9212679862976074,175.45045471191406,28.745641708374023
1779271009.0837443,0.21390420198440552,0.060660991817712784,0.22932219505310059,2.92134428024292,175.4496612548828,28.745067596435547
1779271009.107946,0.21390050649642944,0.06066097319126129,0.22932086884975433,2.9209072589874268,175.44998168945312,28.744220733642578
1779271009.133761,0.21390452980995178,0.060666657984256744,0.22932185232639313,2.920783519744873,175.44888305664062,28.745683670043945
1779271009.1578453,0.2139015644788742,0.06066413223743439,0.22932101786136627,2.9206740856170654,175.44961547851562,28.745080947875977
1779271009.18274,0.2138996571302414,0.06066383793950081,0.22932168841362,2.920734405517578,175.45021057128906,28.744672775268555
1779271009.207359,0.21390414237976074,0.060661930590867996,0.22932076454162598,2.921456813812256,175.44935607910156,28.744972229003906
1779271009.2337432,0.21390575170516968,0.06066225469112396,0.22932285070419312,2.9211978912353516,175.4488525390625,28.744890213012695
1779271009.2578275,0.21390090882778168,0.060663845390081406,0.22931994497776031,2.9204652309417725,175.44960021972656,28.744672775268555
1779271009.2827098,0.21390055119991302,0.060663383454084396,0.22931936383247375,2.9206972122192383,175.4497833251953,28.74510955810547
1779271009.3088176,0.21390235424041748,0.060662996023893356,0.2293202430009842,2.9209227561950684,175.4496612548828,28.745437622070312
1779271009.33495,0.21389925479888916,0.06066295504570007,0.22931897640228271,2.920722007751465,175.4500274658203,28.745014190673828
1779271009.3585815,0.21390099823474884,0.0606619268655777,0.22932134568691254,2.920928955078125,175.44992065429688,28.744768142700195
1779271009.3830721,0.21390224993228912,0.06066127121448517,0.2293216437101364,2.9211578369140625,175.44992065429688,28.744932174682617
1779271009.4086566,0.21390248835086823,0.06066383421421051,0.22932079434394836,2.920827865600586,175.4492645263672,28.74517822265625
1779271009.4338994,0.2138967663049698,0.06066056340932846,0.22931863367557526,2.921138048171997,175.45115661621094,28.74538230895996
1779271009.4580634,0.21390077471733093,0.06066372990608215,0.22932034730911255,2.920928478240967,175.4497833251953,28.745655059814453
1779271009.4829237,0.21390177309513092,0.060658495873212814,0.2293226569890976,2.9214038848876953,175.4500732421875,28.744686126708984
1779271009.5080898,0.21389992535114288,0.06066107749938965,0.22931994497776031,2.9210433959960938,175.45028686523438,28.745628356933594
1779271009.5332303,0.21390244364738464,0.06066381558775902,0.22931985557079315,2.920882225036621,175.4495086669922,28.74539566040039
1779271009.558384,0.2139047384262085,0.0606650784611702,0.22932380437850952,2.9210526943206787,175.44908142089844,28.745779037475586
1779271009.5828028,0.21390102803707123,0.06066134572029114,0.22932149469852448,2.920926809310913,175.45008850097656,28.74420738220215
1779271009.6086304,0.21389801800251007,0.06066323071718216,0.22931930422782898,2.920830249786377,175.45057678222656,28.745464324951172
1779271009.6339958,0.21390415728092194,0.06066577509045601,0.22932061553001404,2.920821189880371,175.44895935058594,28.745983123779297
1779271009.657761,0.21390464901924133,0.06066208332777023,0.22932274639606476,2.921241521835327,175.4492950439453,28.744590759277344
1779271009.6827087,0.21389883756637573,0.060664184391498566,0.22931791841983795,2.91986083984375,175.44996643066406,28.743974685668945
1779271009.7085052,0.21390140056610107,0.06066684424877167,0.2293202131986618,2.920408010482788,175.4493408203125,28.745027542114258
1779271009.7337315,0.2138998955488205,0.06066107004880905,0.22931963205337524,2.9210033416748047,175.45033264160156,28.744985580444336
1779271009.757631,0.21389998495578766,0.06066252291202545,0.22932150959968567,2.920564889907837,175.45005798339844,28.744712829589844
1779271009.783028,0.21390002965927124,0.06066063418984413,0.2293202430009842,2.920944929122925,175.4501495361328,28.74444007873535
1779271009.8080742,0.21390362083911896,0.06065920740365982,0.22932052612304688,2.9217543601989746,175.4496612548828,28.74517822265625
1779271009.8331175,0.21389983594417572,0.06066124886274338,0.22932109236717224,2.9212749004364014,175.45045471191406,28.745750427246094
1779271009.8581548,0.21390070021152496,0.060662977397441864,0.22932088375091553,2.92098069190979,175.4500732421875,28.7454776763916
1779271009.8850145,0.21390314400196075,0.06065967306494713,0.22931882739067078,2.9213011264801025,175.44956970214844,28.744768142700195
1779271009.907388,0.2139030545949936,0.06066624075174332,0.2293209731578827,2.9204044342041016,175.44921875,28.744836807250977
1779271009.93334,0.21390226483345032,0.06066184118390083,0.22932168841362,2.921154260635376,175.44972229003906,28.74549102783203
1779271009.9571373,0.21390536427497864,0.060661837458610535,0.22932051122188568,2.921673536300659,175.44927978515625,28.74526023864746
1779271009.9831498,0.21390092372894287,0.060660794377326965,0.22932054102420807,2.9211597442626953,175.45013427734375,28.744630813598633
1779271010.0075185,0.21390178799629211,0.060658831149339676,0.22932086884975433,2.9215962886810303,175.4499053955078,28.74530029296875
1779271010.0326636,0.2138996571302414,0.06065873056650162,0.22932055592536926,2.921494960784912,175.45057678222656,28.74531364440918
1779271010.0577545,0.21390162408351898,0.06065972149372101,0.22932139039039612,2.9213614463806152,175.44993591308594,28.744781494140625
1779271010.082981,0.2139047086238861,0.060665395110845566,0.22932060062885284,2.9205167293548584,175.44869995117188,28.744863510131836
1779271010.1079886,0.2138991355895996,0.060660943388938904,0.2293204814195633,2.9208426475524902,175.45053100585938,28.744985580444336
1779271010.134123,0.21390259265899658,0.06066158041357994,0.22932010889053345,2.921095132827759,175.4496612548828,28.744754791259766
1779271010.1579177,0.21390016376972198,0.06066179648041725,0.22932003438472748,2.9207494258880615,175.4499969482422,28.745014190673828
1779271010.183484,0.21390065550804138,0.06066128611564636,0.22932058572769165,2.9212467670440674,175.4503936767578,28.74540901184082
1779271010.2079713,0.21390080451965332,0.06066417321562767,0.2293204963207245,2.9207422733306885,175.4497528076172,28.745861053466797
1779271010.2339942,0.21390391886234283,0.06066368892788887,0.2293211817741394,2.920764684677124,175.44895935058594,28.744699478149414
1779271010.2592313,0.21389909088611603,0.06066145747900009,0.22931984066963196,2.9207799434661865,175.45045471191406,28.74448013305664
1779271010.28284,0.21389810740947723,0.06066201627254486,0.2293204963207245,2.9208362102508545,175.4504852294922,28.74539566040039
1779271010.3081234,0.213900625705719,0.06065591424703598,0.2293214052915573,2.921679735183716,175.4505615234375,28.74439811706543
1779271010.3349257,0.21390041708946228,0.06066218391060829,0.22931936383247375,2.920999765396118,175.45021057128906,28.74536895751953
1779271010.3579032,0.21390458941459656,0.060665491968393326,0.22932055592536926,2.920804262161255,175.4487762451172,28.746051788330078
1779271010.3844516,0.21389757096767426,0.06066575273871422,0.22931911051273346,2.9199130535125732,175.4500732421875,28.744945526123047
1779271010.4079318,0.21390217542648315,0.06065858528017998,0.22932131588459015,2.921820640563965,175.45004272460938,28.74526023864746
1779271010.4340448,0.21390068531036377,0.06066308170557022,0.22932152450084686,2.9205284118652344,175.44984436035156,28.744726181030273
1779271010.4574287,0.21390195190906525,0.06066140532493591,0.22932082414627075,2.9209342002868652,175.44989013671875,28.744726181030273
1779271010.482987,0.21390385925769806,0.06066444143652916,0.22932226955890656,2.9210004806518555,175.44915771484375,28.744945526123047
1779271010.5078344,0.21390002965927124,0.060663871467113495,0.229319766163826,2.920473098754883,175.4498291015625,28.744384765625
1779271010.533411,0.21390484273433685,0.06066308543086052,0.2293211668729782,2.920720100402832,175.448974609375,28.743770599365234
1779271010.5578463,0.2138972282409668,0.06066077947616577,0.22931817173957825,2.920443058013916,175.45079040527344,28.74428939819336
1779271010.5835838,0.21390175819396973,0.060663580894470215,0.22932101786136627,2.9206910133361816,175.4496307373047,28.745149612426758
1779271010.6078942,0.21390220522880554,0.060663919895887375,0.2293219417333603,2.920671224594116,175.44956970214844,28.744916915893555
1779271010.6336234,0.21389898657798767,0.06066177785396576,0.22931963205337524,2.9205751419067383,175.45025634765625,28.744508743286133
1779271010.6589434,0.21389995515346527,0.060659270733594894,0.22931848466396332,2.9210095405578613,175.45021057128906,28.745027542114258
1779271010.6828609,0.2138998657464981,0.06066438555717468,0.229319766163826,2.9205574989318848,175.44989013671875,28.745586395263672
1779271010.7079918,0.21390075981616974,0.060663722455501556,0.2293202430009842,2.9208498001098633,175.44976806640625,28.74457550048828
1779271010.732752,0.21390199661254883,0.06066146865487099,0.22932098805904388,2.9209229946136475,175.44964599609375,28.745162963867188
1779271010.7569876,0.2139003723859787,0.06066582724452019,0.22932034730911255,2.920286178588867,175.44972229003906,28.74509620666504
1779271010.7833154,0.2139032930135727,0.06066230311989784,0.22932223975658417,2.9212522506713867,175.4493865966797,28.744863510131836
1779271010.8071117,0.21390113234519958,0.06066100299358368,0.22931943833827972,2.921149253845215,175.45001220703125,28.744863510131836
1779271010.836262,0.2139018028974533,0.06066462770104408,0.22931791841983795,2.9204704761505127,175.4495086669922,28.745136260986328
1779271010.857925,0.2139013409614563,0.060663625597953796,0.2293214201927185,2.9204483032226562,175.4496612548828,28.744098663330078
1779271010.8830717,0.213901549577713,0.06066374480724335,0.2293233722448349,2.9204647541046143,175.44961547851562,28.74428939819336
1779271010.9074776,0.2139013260602951,0.06066163629293442,0.22931943833827972,2.9210171699523926,175.45005798339844,28.745723724365234
1779271010.932326,0.21390391886234283,0.06066513806581497,0.22932182252407074,2.9209439754486084,175.44883728027344,28.74510955810547
1779271010.957131,0.21390146017074585,0.06066283583641052,0.22932016849517822,2.9206652641296387,175.44956970214844,28.744821548461914
1779271010.9841094,0.21389932930469513,0.06066242232918739,0.22931814193725586,2.920808792114258,175.45030212402344,28.745519638061523
1779271011.007755,0.21390384435653687,0.060663625597953796,0.22932159900665283,2.9207711219787598,175.44908142089844,28.74448013305664
1779271011.0325723,0.2139008492231369,0.060663558542728424,0.22932131588459015,2.9207260608673096,175.44992065429688,28.745067596435547
1779271011.058156,0.21390338242053986,0.0606638565659523,0.22931979596614838,2.920780658721924,175.4490966796875,28.744836807250977
1779271011.0835264,0.21390102803707123,0.06066134572029114,0.22931969165802002,2.921663761138916,175.4502410888672,28.74620246887207
1779271011.1080568,0.2138970047235489,0.06066020950675011,0.2293202131986618,2.9206290245056152,175.45065307617188,28.7442626953125
1779271011.1331136,0.21389882266521454,0.060656845569610596,0.22931939363479614,2.9215307235717773,175.45082092285156,28.745040893554688
1779271011.1576862,0.21390464901924133,0.06066718325018883,0.22932270169258118,2.9205448627471924,175.44862365722656,28.745683670043945
1779271011.1839087,0.21389980614185333,0.06065978854894638,0.22931835055351257,2.920983076095581,175.45022583007812,28.744739532470703
1779271011.2072864,0.21390482783317566,0.0606643408536911,0.22932325303554535,2.9207680225372314,175.44894409179688,28.744672775268555
1779271011.2342138,0.2139005810022354,0.0606631301343441,0.2293204516172409,2.9212112426757812,175.4499969482422,28.74627113342285
1779271011.2580206,0.2138964682817459,0.06066377833485603,0.2293190062046051,2.920158863067627,175.45071411132812,28.743907928466797
1779271011.2829962,0.2139028012752533,0.0606611967086792,0.2293214499950409,2.9213480949401855,175.44979858398438,28.745136260986328
1779271011.308654,0.21389906108379364,0.06066637113690376,0.22931794822216034,2.9198973178863525,175.4498291015625,28.74527359008789
1779271011.3342304,0.2138996422290802,0.06065921112895012,0.22932060062885284,2.921308755874634,175.45057678222656,28.745546340942383
1779271011.3582613,0.21390224993228912,0.06066019833087921,0.22932195663452148,2.9213764667510986,175.44984436035156,28.74521827697754
1779271011.3832328,0.21390673518180847,0.0606665313243866,0.2293207198381424,2.9206161499023438,175.44810485839844,28.744876861572266
1779271011.4080534,0.213902547955513,0.060660798102617264,0.22932128608226776,2.9211158752441406,175.4497833251953,28.74456214904785
1779271011.4335127,0.2139004021883011,0.06066087633371353,0.22932069003582,2.9210236072540283,175.45033264160156,28.745067596435547
1779271011.4583836,0.21389921009540558,0.060666363686323166,0.22932106256484985,2.9198696613311768,175.44985961914062,28.744590759277344
1779271011.4837909,0.2139006406068802,0.060661643743515015,0.22932031750679016,2.9210097789764404,175.4499969482422,28.745832443237305
1779271011.5093338,0.21389856934547424,0.06066335365176201,0.22931860387325287,2.9206106662750244,175.4503173828125,28.74536895751953
1779271011.53659,0.21390186250209808,0.060663092881441116,0.22932101786136627,2.9206395149230957,175.4495849609375,28.74437141418457
1779271011.5586812,0.21390172839164734,0.06066220998764038,0.22932250797748566,2.9206554889678955,175.44981384277344,28.743770599365234
1779271011.583531,0.2139006406068802,0.06066359952092171,0.22932113707065582,2.9209470748901367,175.4497833251953,28.745847702026367
1779271011.6084275,0.2139006406068802,0.060661640018224716,0.22932039201259613,2.92092227935791,175.44992065429688,28.744781494140625
1779271011.6334507,0.21389928460121155,0.06066456809639931,0.22931858897209167,2.920513391494751,175.44992065429688,28.74510955810547
1779271011.6584363,0.21390089392662048,0.06066180765628815,0.22932149469852448,2.9209089279174805,175.45008850097656,28.744112014770508
1779271011.6841698,0.2139018177986145,0.060662005096673965,0.2293209582567215,2.9209609031677246,175.4498748779297,28.74530029296875
1779271011.7077842,0.21390056610107422,0.06066359207034111,0.229319229722023,2.920517683029175,175.45001220703125,28.74445343017578
1779271011.7331696,0.21390114724636078,0.06066310033202171,0.22932063043117523,2.920701026916504,175.44967651367188,28.745149612426758
1779271011.7586358,0.21389906108379364,0.06066279858350754,0.2293187975883484,2.9207606315612793,175.4502716064453,28.744998931884766
1779271011.7829363,0.2139013707637787,0.060663312673568726,0.22932003438472748,2.920637845993042,175.44960021972656,28.744522094726562
1779271011.8082507,0.21390022337436676,0.06066043674945831,0.22932107746601105,2.9207816123962402,175.4501495361328,28.744699478149414
1779271011.8326197,0.21389959752559662,0.060662560164928436,0.22932101786136627,2.920788526535034,175.4501953125,28.74527359008789
1779271011.858224,0.21390385925769806,0.060662735253572464,0.22932203114032745,2.9212653636932373,175.449462890625,28.744863510131836
1779271011.883698,0.21390344202518463,0.06065933033823967,0.2293226271867752,2.9219911098480225,175.45001220703125,28.7452449798584
1779271011.9093444,0.2139045000076294,0.06066252291202545,0.22932365536689758,2.921306848526001,175.44931030273438,28.745559692382812
1779271011.9325864,0.2139015644788742,0.0606609582901001,0.22932052612304688,2.921410322189331,175.4499969482422,28.745710372924805
1779271011.9577599,0.21390090882778168,0.060660745948553085,0.22932177782058716,2.921196699142456,175.45005798339844,28.7452449798584
1779271011.9837117,0.21389755606651306,0.060660552233457565,0.22931912541389465,2.9211056232452393,175.4508514404297,28.745464324951172
1779271012.0081196,0.2139018476009369,0.06066310405731201,0.22932127118110657,2.920593500137329,175.44947814941406,28.743961334228516
1779271012.0339158,0.2139003574848175,0.06066382676362991,0.22932010889053345,2.9207186698913574,175.44979858398438,28.745437622070312
1779271012.0583773,0.213903546333313,0.060661785304546356,0.22932158410549164,2.921290636062622,175.44935607910156,28.74536895751953
1779271012.0832644,0.21390211582183838,0.060659028589725494,0.22932212054729462,2.9215941429138184,175.45005798339844,28.744836807250977
1779271012.1076384,0.21389903128147125,0.06066032499074936,0.2293214201927185,2.921121597290039,175.45054626464844,28.746009826660156
1779271012.133378,0.2138996571302414,0.06066340580582619,0.22931821644306183,2.920381784439087,175.4502410888672,28.744903564453125
1779271012.1586819,0.21390214562416077,0.06066522374749184,0.22931969165802002,2.9206583499908447,175.4495391845703,28.7452449798584
1779271012.1830735,0.2139016091823578,0.06066235899925232,0.22932156920433044,2.9209017753601074,175.44985961914062,28.744548797607422
1779271012.2078218,0.21390344202518463,0.060659609735012054,0.22932077944278717,2.9217772483825684,175.44979858398438,28.74528694152832
1779271012.2324522,0.21390120685100555,0.06066153198480606,0.2293206751346588,2.920933246612549,175.44989013671875,28.744876861572266
1779271012.2582874,0.21390275657176971,0.06065932288765907,0.22932037711143494,2.9213173389434814,175.44981384277344,28.74430274963379
1779271012.2836242,0.21389999985694885,0.06066076084971428,0.22932155430316925,2.921255111694336,175.4503173828125,28.745615005493164
1779271012.3084903,0.21390090882778168,0.060664884746074677,0.22931966185569763,2.9206690788269043,175.44969177246094,28.745162963867188
1779271012.3348746,0.21390308439731598,0.06066463515162468,0.22932030260562897,2.920605421066284,175.44940185546875,28.744535446166992
1779271012.3576043,0.21390117704868317,0.06066156178712845,0.229319766163826,2.920525312423706,175.4498748779297,28.74431610107422
1779271012.3826714,0.21390235424041748,0.06066279113292694,0.22932173311710358,2.9212687015533447,175.4496612548828,28.744699478149414
1779271012.4084675,0.21389976143836975,0.060661666095256805,0.22932010889053345,2.9210028648376465,175.45022583007812,28.7453556060791
1779271012.4323735,0.21389807760715485,0.06066266819834709,0.22931981086730957,2.9203667640686035,175.45037841796875,28.74434471130371
1779271012.4584706,0.2139020413160324,0.060662202537059784,0.22931981086730957,2.9209179878234863,175.44972229003906,28.74510955810547
1779271012.4829085,0.21390275657176971,0.06066141277551651,0.22932228446006775,2.9208576679229736,175.44949340820312,28.74437141418457
1779271012.508304,0.21390244364738464,0.060660410672426224,0.22932037711143494,2.9214026927948,175.4498748779297,28.745668411254883
1779271012.5331485,0.2138986587524414,0.06065887212753296,0.2293173372745514,2.921097755432129,175.45066833496094,28.74536895751953
1779271012.5578842,0.21390418708324432,0.06066044792532921,0.22932089865207672,2.921299934387207,175.4493408203125,28.74517822265625
1779271012.5828555,0.2139013707637787,0.060661427676677704,0.22931963205337524,2.921347141265869,175.4499969482422,28.745014190673828
1779271012.6084404,0.21390071511268616,0.06066092476248741,0.2293206751346588,2.9213035106658936,175.4500732421875,28.744125366210938
1779271012.6323216,0.21390122175216675,0.06066546589136124,0.2293194979429245,2.920499086380005,175.4495391845703,28.745615005493164
1779271012.6590652,0.2139073610305786,0.060665521770715714,0.22932258248329163,2.921090841293335,175.44833374023438,28.745136260986328
1779271012.6828578,0.21389739215373993,0.06065858155488968,0.22931884229183197,2.9207231998443604,175.4508819580078,28.744712829589844
1779271012.708378,0.21389874815940857,0.06066158041357994,0.22932010889053345,2.9205591678619385,175.45033264160156,28.744070053100586
1779271012.7328892,0.21390469372272491,0.06066164746880531,0.22932234406471252,2.9214892387390137,175.44924926757812,28.745437622070312
1779271012.7576761,0.2138989418745041,0.060658250004053116,0.22931841015815735,2.9208078384399414,175.4505615234375,28.744016647338867
1779271012.7823458,0.21390105783939362,0.0606650784611702,0.2293185293674469,2.9202301502227783,175.44952392578125,28.744617462158203
1779271012.8083029,0.2139020711183548,0.060662221163511276,0.22932030260562897,2.920915365219116,175.44961547851562,28.74531364440918
1779271012.8334064,0.21390239894390106,0.0606621690094471,0.22932173311710358,2.9213759899139404,175.44993591308594,28.74540901184082
1779271012.857549,0.2139011174440384,0.06066225469112396,0.22932158410549164,2.9212100505828857,175.4501495361328,28.745546340942383
1779271012.885074,0.213896244764328,0.06066092476248741,0.2293172925710678,2.9207053184509277,175.4510040283203,28.744998931884766
1779271012.928678,0.2139037698507309,0.06066175550222397,0.22932198643684387,2.9211299419403076,175.44947814941406,28.745437622070312
1779271012.9322486,0.21390298008918762,0.06066185608506203,0.22932134568691254,2.921083927154541,175.4495849609375,28.744739532470703
1779271012.9579253,0.21390394866466522,0.060663897544145584,0.2293214350938797,2.921072244644165,175.44943237304688,28.7452449798584
1779271012.9829144,0.21390138566493988,0.06066356599330902,0.22932098805904388,2.920837163925171,175.4495849609375,28.744644165039062
1779271013.0081887,0.21390020847320557,0.060660477727651596,0.2293199896812439,2.9207377433776855,175.4501953125,28.744070053100586
1779271013.0341902,0.21389909088611603,0.060659196227788925,0.22931890189647675,2.9210619926452637,175.4505157470703,28.745136260986328
1779271013.0574982,0.21390023827552795,0.060664623975753784,0.22932134568691254,2.920466899871826,175.44985961914062,28.74428939819336
1779271013.0826132,0.21390224993228912,0.060663461685180664,0.2293194830417633,2.920642137527466,175.44937133789062,28.745067596435547
1779271013.1079402,0.21390073001384735,0.060662396252155304,0.22932176291942596,2.9209492206573486,175.45004272460938,28.744916915893555
1779271013.1341326,0.2139013409614563,0.060663141310214996,0.22931909561157227,2.921165943145752,175.44993591308594,28.745737075805664
1779271013.1575844,0.2138989120721817,0.060664400458335876,0.22931969165802002,2.9201014041900635,175.4499969482422,28.744508743286133
1779271013.182998,0.21389906108379364,0.060664381831884384,0.22931912541389465,2.9205408096313477,175.44998168945312,28.74530029296875
1779271013.2079382,0.21390414237976074,0.06066508963704109,0.22932162880897522,2.920858144760132,175.44915771484375,28.745819091796875
1779271013.2325873,0.2139025628566742,0.06066213548183441,0.22932001948356628,2.921074390411377,175.449462890625,28.74510955810547
1779271013.2580597,0.2139057219028473,0.06066083163022995,0.22932149469852448,2.9217185974121094,175.44908142089844,28.74603843688965
1779271013.2838573,0.21390095353126526,0.06066158041357994,0.22931966185569763,2.9211597442626953,175.44998168945312,28.74523162841797
1779271013.3090367,0.21389903128147125,0.060661375522613525,0.22932139039039612,2.9208741188049316,175.4505157470703,28.745519638061523
1779271013.3335464,0.21389690041542053,0.06065991148352623,0.2293175756931305,2.920478343963623,175.45091247558594,28.74437141418457
1779271013.3581653,0.2139039933681488,0.06066270172595978,0.22932033240795135,2.9210331439971924,175.44921875,28.744985580444336
1779271013.3829107,0.2139042317867279,0.06066389009356499,0.22932259738445282,2.920738458633423,175.4490509033203,28.744029998779297
1779271013.4084415,0.21390287578105927,0.060667335987091064,0.2293209284543991,2.9208428859710693,175.44908142089844,28.746530532836914
1779271013.4339304,0.21389970183372498,0.06066074222326279,0.22931928932666779,2.920773506164551,175.4501495361328,28.744863510131836
1779271013.4575846,0.2139035314321518,0.06066122278571129,0.2293216437101364,2.9213781356811523,175.44960021972656,28.745861053466797
1779271013.48467,0.2139044553041458,0.060662999749183655,0.22932228446006775,2.920980215072632,175.44894409179688,28.744754791259766
1779271013.5078943,0.2139027714729309,0.06066298484802246,0.22932109236717224,2.921109199523926,175.44947814941406,28.745668411254883
1779271013.533843,0.21390751004219055,0.060667045414447784,0.2293224036693573,2.9205806255340576,175.4481201171875,28.74420738220215
1779271013.5575454,0.21390047669410706,0.06066330522298813,0.2293194830417633,2.9207444190979004,175.44996643066406,28.74530029296875
1779271013.5832682,0.21390463411808014,0.060664575546979904,0.22932294011116028,2.9213242530822754,175.4493408203125,28.7462158203125
1779271013.6095712,0.213900625705719,0.060664232820272446,0.22932034730911255,2.9208779335021973,175.44973754882812,28.745136260986328
1779271013.634604,0.21389688551425934,0.06066174805164337,0.22931888699531555,2.92046856880188,175.45083618164062,28.744768142700195
1779271013.6580377,0.21390065550804138,0.060661401599645615,0.22932176291942596,2.920708417892456,175.44996643066406,28.74419403076172
1779271013.6835303,0.21390032768249512,0.060663171112537384,0.2293216586112976,2.920316696166992,175.4497833251953,28.744712829589844
1779271013.7082655,0.21390098333358765,0.0606633760035038,0.22931964695453644,2.9204959869384766,175.44969177246094,28.744768142700195
1779271013.7341323,0.21390435099601746,0.060664549469947815,0.22932228446006775,2.920783042907715,175.44895935058594,28.745027542114258
1779271013.7589216,0.21390290558338165,0.060659654438495636,0.22932173311710358,2.921586036682129,175.44973754882812,28.74550437927246
1779271013.7845018,0.21390067040920258,0.06066622585058212,0.22932098805904388,2.920466423034668,175.4495849609375,28.74521827697754
1779271013.807647,0.21390070021152496,0.060664694756269455,0.22932136058807373,2.9206550121307373,175.4496612548828,28.744916915893555
1779271013.8346188,0.2139015942811966,0.06066417321562767,0.22932089865207672,2.920267343521118,175.44960021972656,28.744522094726562
1779271013.8570118,0.21390721201896667,0.060663431882858276,0.22932149469852448,2.9211840629577637,175.44862365722656,28.7453556060791
1779271013.8825462,0.21389998495578766,0.06066012382507324,0.2293175607919693,2.9212706089019775,175.4505157470703,28.745519638061523
1779271013.9087107,0.2138998955488205,0.060659244656562805,0.22931790351867676,2.9210023880004883,175.45034790039062,28.744604110717773
1779271013.9346416,0.21390238404273987,0.06066136807203293,0.22932149469852448,2.9211440086364746,175.4497528076172,28.745162963867188
1779271013.958764,0.21390777826309204,0.06066581979393959,0.2293240875005722,2.921088933944702,175.4481964111328,28.74532699584961
1779271013.9852548,0.21390080451965332,0.060661159455776215,0.22932180762290955,2.9210188388824463,175.45028686523438,28.745054244995117
1779271014.0090365,0.21390268206596375,0.060666274279356,0.22932083904743195,2.9206132888793945,175.4492645263672,28.74538230895996
1779271014.0337262,0.21389839053153992,0.06066092476248741,0.2293202430009842,2.9208662509918213,175.45057678222656,28.74531364440918
1779271014.0579488,0.21390287578105927,0.06066066399216652,0.22932256758213043,2.921309471130371,175.44970703125,28.74456214904785
1779271014.0839014,0.21390211582183838,0.060664959251880646,0.22932134568691254,2.9211008548736572,175.44960021972656,28.745779037475586
1779271014.1098447,0.21390166878700256,0.060666006058454514,0.22932034730911255,2.920013189315796,175.44927978515625,28.744836807250977
1779271014.1328757,0.21389929950237274,0.06065930798649788,0.22932127118110657,2.921025037765503,175.45050048828125,28.74446678161621
1779271014.1578596,0.21390219032764435,0.06066146492958069,0.22932088375091553,2.921297311782837,175.44967651367188,28.744876861572266
1779271014.1835237,0.2139015793800354,0.060659851878881454,0.22932088375091553,2.9209463596343994,175.45005798339844,28.744220733642578
1779271014.2094247,0.21390089392662048,0.0606604740023613,0.22931957244873047,2.9214136600494385,175.45021057128906,28.74530029296875
1779271014.2371092,0.21389947831630707,0.060661282390356064,0.2293187975883484,2.9207592010498047,175.4502716064453,28.744590759277344
1779271014.2598572,0.21390359103679657,0.06066572666168213,0.22932204604148865,2.920532703399658,175.44891357421875,28.744686126708984
1779271014.2837186,0.21389985084533691,0.06066519394516945,0.2293195277452469,2.9200356006622314,175.4494171142578,28.744972229003906
1779271014.308648,0.21390090882778168,0.060665566474199295,0.22932209074497223,2.9202563762664795,175.44967651367188,28.744508743286133
1779271014.3338058,0.21389801800251007,0.060660988092422485,0.22931961715221405,2.9206767082214355,175.45069885253906,28.744916915893555
1779271014.3585982,0.21390178799629211,0.060661982744932175,0.22932018339633942,2.92097806930542,175.44989013671875,28.745519638061523
1779271014.3840897,0.21390056610107422,0.06066354736685753,0.22932152450084686,2.9205291271209717,175.44984436035156,28.744850158691406
1779271014.408322,0.2138981819152832,0.060657013207674026,0.22931914031505585,2.9208486080169678,175.45077514648438,28.743852615356445
1779271014.432361,0.21390321850776672,0.06066104769706726,0.2293204516172409,2.9213292598724365,175.4494171142578,28.745683670043945
1779271014.457562,0.2139018476009369,0.06066283956170082,0.22932207584381104,2.9210705757141113,175.44976806640625,28.74448013305664
1779271014.483198,0.2139011174440384,0.06066199764609337,0.22932080924510956,2.9208927154541016,175.44981384277344,28.74456214904785
1779271014.5087495,0.21389931440353394,0.060664910823106766,0.22932001948356628,2.9205479621887207,175.44967651367188,28.743728637695312
1779271014.5327063,0.21387596428394318,0.06066443398594856,0.22931453585624695,2.9214725494384766,175.4520721435547,28.741365432739258
1779271014.5586839,0.21364255249500275,0.06068170815706253,0.22933121025562286,2.9194247722625732,175.44017028808594,28.756351470947266
1779271014.5834484,0.21279984712600708,0.06075413152575493,0.2292942851781845,2.9049606323242188,175.40524291992188,28.73208999633789
1779271014.6079507,0.21177205443382263,0.06097794696688652,0.22941090166568756,2.8684821128845215,175.321044921875,28.678884506225586
1779271014.6329746,0.21043553948402405,0.06134095415472984,0.2297557294368744,2.8409230709075928,175.1785125732422,28.692407608032227
1779271014.656835,0.20875202119350433,0.061504531651735306,0.22996143996715546,2.7949697971343994,175.0768585205078,28.652246475219727
1779271014.683446,0.20629647374153137,0.06132696941494942,0.22997909784317017,2.784395456314087,175.13079833984375,28.62786293029785
1779271014.7086308,0.20376451313495636,0.06131644546985626,0.22991794347763062,2.7840840816497803,175.18373107910156,28.64419937133789
1779271014.7337494,0.20120078325271606,0.06125681847333908,0.22985947132110596,2.7579288482666016,175.2262725830078,28.601701736450195
1779271014.758403,0.19878855347633362,0.06117803603410721,0.2299870103597641,2.755758285522461,175.22784423828125,28.583492279052734
1779271014.783572,0.19646203517913818,0.06111816316843033,0.22996069490909576,2.77986216545105,175.1957244873047,28.585309982299805
1779271014.807695,0.19430603086948395,0.0608249232172966,0.2300950139760971,2.853734254837036,175.17855834960938,28.5908145904541
1779271014.833896,0.19166918098926544,0.06086846441030502,0.23013055324554443,2.831585645675659,175.21337890625,28.575706481933594
1779271014.8581488,0.18953585624694824,0.060921307653188705,0.23010636866092682,2.814354181289673,175.20919799804688,28.5961971282959
1779271014.8840556,0.1878267228603363,0.060908395797014236,0.23013916611671448,2.800004005432129,175.1949462890625,28.60189437866211
1779271014.9077313,0.18691881000995636,0.06092400476336479,0.23008279502391815,2.8108978271484375,175.15586853027344,28.52458953857422
1779271014.934326,0.18581755459308624,0.06050889194011688,0.22992241382598877,2.921657085418701,175.2670135498047,28.592918395996094
1779271014.9593198,0.1853349506855011,0.06062515079975128,0.22996559739112854,2.917363405227661,175.26536560058594,28.628135681152344
1779271014.9838789,0.18483608961105347,0.06065269932150841,0.22972920536994934,2.9177589416503906,175.2780303955078,28.627506256103516
1779271015.009127,0.18448559939861298,0.060608480125665665,0.22958403825759888,2.9140753746032715,175.2889404296875,28.672271728515625
1779271015.0330932,0.18425628542900085,0.060703955590724945,0.2295253574848175,2.9204845428466797,175.30264282226562,28.732582092285156
1779271015.0584424,0.18392880260944366,0.06067734211683273,0.22936706244945526,2.9363598823547363,175.36407470703125,28.762184143066406
1779271015.082992,0.18367725610733032,0.060539718717336655,0.2291671633720398,2.9419806003570557,175.42288208007812,28.680194854736328
1779271015.1078434,0.18328990042209625,0.0602637343108654,0.2290395200252533,2.9738571643829346,175.5372314453125,28.69746208190918
1779271015.13332,0.18322549760341644,0.060214415192604065,0.22902950644493103,2.979912042617798,175.55775451660156,28.702762603759766
1779271015.159534,0.18324913084506989,0.060231298208236694,0.22902901470661163,2.978139638900757,175.55203247070312,28.705795288085938
1779271015.1848319,0.18330365419387817,0.060248907655477524,0.22901150584220886,2.9777605533599854,175.5487823486328,28.720943450927734
1779271015.2073514,0.1835164576768875,0.06014280393719673,0.22879186272621155,3.0009405612945557,175.60653686523438,28.79774284362793
1779271015.2337852,0.18476979434490204,0.06015363335609436,0.22860752046108246,3.001154661178589,175.58187866210938,28.812973022460938
1779271015.2584436,0.18603333830833435,0.060090553015470505,0.22856026887893677,3.0415422916412354,175.6743621826172,28.884403228759766
1779271015.2842214,0.18799403309822083,0.060112010687589645,0.22834667563438416,3.0709996223449707,175.707763671875,28.956613540649414
1779271015.3082604,0.19000683724880219,0.060248978435993195,0.22812581062316895,3.089782476425171,175.7463836669922,28.988441467285156
1779271015.3322132,0.19216234982013702,0.06022388115525246,0.22801902890205383,3.092435121536255,175.77481079101562,29.014245986938477
1779271015.3573568,0.19438205659389496,0.06070723012089729,0.22808687388896942,2.998992681503296,175.73023986816406,29.037155151367188
1779271015.3834343,0.19661074876785278,0.06046104431152344,0.2279936820268631,3.011687755584717,175.82080078125,29.00790786743164
1779271015.409204,0.1993851363658905,0.06043141707777977,0.22789429128170013,3.0285120010375977,175.80905151367188,29.027700424194336
1779271015.4337583,0.20199333131313324,0.060548052191734314,0.228035107254982,3.0427024364471436,175.7484130859375,29.03447723388672
1779271015.4592474,0.2048109918832779,0.06064532697200775,0.2281230092048645,3.0389645099639893,175.7150115966797,29.048355102539062
1779271015.4833186,0.2071586549282074,0.06094547361135483,0.22802579402923584,3.007195472717285,175.6954803466797,29.079761505126953
1779271015.508986,0.20965833961963654,0.06112689524888992,0.2278357446193695,2.9249439239501953,175.72853088378906,28.998632431030273
1779271015.534062,0.21237416565418243,0.06100672855973244,0.2280866801738739,2.9558520317077637,175.7006378173828,29.006759643554688
1779271015.5581286,0.21473917365074158,0.060560133308172226,0.22830024361610413,2.988640308380127,175.72103881835938,28.941749572753906
1779271015.5829718,0.21739761531352997,0.06053021922707558,0.2285364270210266,2.989623546600342,175.6500244140625,28.907489776611328
1779271015.6086118,0.2199302464723587,0.06042918190360069,0.22837327420711517,3.0170133113861084,175.70578002929688,28.97185707092285
1779271015.6329818,0.2225782573223114,0.06037062406539917,0.22832819819450378,3.0241129398345947,175.68246459960938,28.91635513305664
1779271015.6583617,0.2255784422159195,0.06062869727611542,0.2285011261701584,3.0218582153320312,175.58534240722656,28.91348648071289
1779271015.6831994,0.22798490524291992,0.06050940975546837,0.22854375839233398,3.0155529975891113,175.62838745117188,28.89713478088379
1779271015.7079678,0.2306099534034729,0.06087332218885422,0.22860649228096008,2.922948122024536,175.5236053466797,28.841005325317383
1779271015.7328627,0.23309306800365448,0.060624051839113235,0.22879917919635773,2.9413089752197266,175.52911376953125,28.82440757751465
1779271015.7577434,0.23547884821891785,0.06046804040670395,0.22878311574459076,2.9616153240203857,175.58349609375,28.83981704711914
1779271015.782021,0.23780149221420288,0.06032697856426239,0.2287030965089798,2.97745943069458,175.6286163330078,28.813806533813477
1779271015.8078985,0.24058914184570312,0.0603855736553669,0.2285781055688858,2.985194683074951,175.59310913085938,28.817537307739258
1779271015.835148,0.24335600435733795,0.06062987446784973,0.22882796823978424,2.979860782623291,175.56521606445312,28.84185218811035
1779271015.8593762,0.24564962089061737,0.060864102095365524,0.22883452475070953,2.891489028930664,175.55581665039062,28.81785011291504
1779271015.8846648,0.24845552444458008,0.06088186427950859,0.22892796993255615,2.879801034927368,175.4580535888672,28.766664505004883
1779271015.9081528,0.25089356303215027,0.06053118407726288,0.2288985252380371,2.8991453647613525,175.4883575439453,28.710193634033203
1779271015.9334033,0.25325560569763184,0.06042579934000969,0.22881098091602325,2.9243791103363037,175.53778076171875,28.731121063232422
1779271015.9579833,0.2555997669696808,0.060490891337394714,0.22877013683319092,2.923473358154297,175.56265258789062,28.784860610961914
1779271015.9827332,0.25817522406578064,0.06051555275917053,0.22879599034786224,2.907421588897705,175.56358337402344,28.728961944580078
1779271016.0087492,0.2606883943080902,0.06062125414609909,0.22883488237857819,2.8587472438812256,175.548095703125,28.71464729309082
1779271016.0337358,0.2631225883960724,0.06060434505343437,0.22896906733512878,2.84656023979187,175.52142333984375,28.694538116455078
1779271016.0569885,0.2656451463699341,0.06072374805808067,0.2288890928030014,2.8586313724517822,175.529052734375,28.741106033325195
1779271016.083862,0.26830625534057617,0.06061225011944771,0.22893299162387848,2.874202251434326,175.51348876953125,28.73937225341797
1779271016.1082337,0.2707398235797882,0.06042990833520889,0.2287730872631073,2.9061198234558105,175.5447235107422,28.71198272705078
1779271016.1326594,0.2734440565109253,0.0605708509683609,0.22889502346515656,2.8988089561462402,175.4991455078125,28.682926177978516
1779271016.1579065,0.2760449945926666,0.06042242795228958,0.2289002239704132,2.9266197681427,175.49609375,28.744781494140625
1779271016.1832476,0.27868175506591797,0.060374949127435684,0.22909671068191528,2.944678544998169,175.44692993164062,28.729618072509766
1779271016.2096884,0.28141140937805176,0.06028245761990547,0.22905956208705902,2.9573373794555664,175.43714904785156,28.68056297302246
1779271016.23406,0.2839311361312866,0.06048645079135895,0.22900843620300293,2.956913948059082,175.4320068359375,28.73200798034668
1779271016.2578163,0.28647613525390625,0.06061185896396637,0.22909528017044067,2.957777261734009,175.38623046875,28.71366310119629
1779271016.2839992,0.2889794707298279,0.060870856046676636,0.22895978391170502,2.8927862644195557,175.36402893066406,28.742267608642578
1779271016.3085616,0.2913752496242523,0.060913268476724625,0.22888171672821045,2.8633971214294434,175.34185791015625,28.711408615112305
1779271016.3327022,0.29343801736831665,0.06098081171512604,0.22885750234127045,2.8761072158813477,175.3419189453125,28.720014572143555
1779271016.357544,0.29489198327064514,0.060749929398298264,0.22882354259490967,2.893852710723877,175.44210815429688,28.736421585083008
1779271016.382638,0.29613688588142395,0.060704395174980164,0.22876206040382385,2.889042615890503,175.43101501464844,28.670345306396484
1779271016.4077907,0.29714104533195496,0.06051572784781456,0.22890320420265198,2.902984619140625,175.40676879882812,28.70425033569336
1779271016.43267,0.29779401421546936,0.060666538774967194,0.22909583151340485,2.9091837406158447,175.35516357421875,28.696914672851562
1779271016.4582374,0.2984730899333954,0.06078396737575531,0.22945310175418854,2.9132144451141357,175.28909301757812,28.66607093811035
1779271016.4831362,0.29880839586257935,0.060947977006435394,0.22979430854320526,2.9146485328674316,175.23074340820312,28.671192169189453
1779271016.508207,0.2985876500606537,0.06086243316531181,0.22976845502853394,2.9074323177337646,175.2930450439453,28.672327041625977
1779271016.5332181,0.29852211475372314,0.060827065259218216,0.22976014018058777,2.905111074447632,175.3465118408203,28.67470359802246
1779271016.5584524,0.2986137270927429,0.06083587557077408,0.22968807816505432,2.905536413192749,175.3610382080078,28.672927856445312
1779271016.582826,0.29861539602279663,0.06081198900938034,0.22969095408916473,2.9081544876098633,175.36434936523438,28.676095962524414
1779271016.608174,0.2986235022544861,0.06082716956734657,0.22965458035469055,2.906130790710449,175.36695861816406,28.680795669555664
1779271016.633283,0.2986302673816681,0.060827385634183884,0.22953058779239655,2.9058451652526855,175.38912963867188,28.685768127441406
1779271016.6579068,0.29863905906677246,0.06079829856753349,0.22948957979679108,2.9089748859405518,175.39837646484375,28.69072723388672
1779271016.6834693,0.29863518476486206,0.0608094222843647,0.22948697209358215,2.9082181453704834,175.3986053466797,28.706682205200195
1779271016.7077749,0.29861292243003845,0.06082676351070404,0.22947758436203003,2.9134695529937744,175.40673828125,28.808643341064453
1779271016.733716,0.29863131046295166,0.060820214450359344,0.2294858992099762,2.9170708656311035,175.40367126464844,28.81682586669922
1779271016.7580388,0.2986239492893219,0.06081691011786461,0.22948403656482697,2.9162299633026123,175.40501403808594,28.8142032623291
1779271016.7830303,0.29863274097442627,0.06082000955939293,0.22948482632637024,2.915789842605591,175.4019317626953,28.81199073791504
1779271016.8093383,0.298633337020874,0.06081673502922058,0.22948181629180908,2.9165003299713135,175.4018096923828,28.811033248901367
1779271016.8330185,0.29863160848617554,0.060814619064331055,0.2294800579547882,2.9159631729125977,175.4020233154297,28.809080123901367
1779271016.857765,0.29864051938056946,0.060814544558525085,0.229483500123024,2.917003631591797,175.3994598388672,28.80827522277832
1779271016.883624,0.2986321747303009,0.060816578567028046,0.22948263585567474,2.9155569076538086,175.40020751953125,28.805801391601562
1779271016.9073992,0.2986336648464203,0.06081949546933174,0.22948451340198517,2.916005849838257,175.39935302734375,28.80454444885254
1779271016.9327433,0.29862847924232483,0.06082123517990112,0.22948016226291656,2.915349245071411,175.39993286132812,28.80442237854004
1779271016.958002,0.29862838983535767,0.060828473418951035,0.22947700321674347,2.915113925933838,175.39878845214844,28.80257797241211
1779271016.982781,0.2986254096031189,0.060821205377578735,0.22947576642036438,2.9153621196746826,175.39950561523438,28.800487518310547
1779271017.007863,0.29861965775489807,0.060820117592811584,0.22947098314762115,2.9147582054138184,175.4001922607422,28.798248291015625
1779271017.0341086,0.29862216114997864,0.060818228870630264,0.22947296500205994,2.914821147918701,175.39920043945312,28.7960205078125
1779271017.0579033,0.29862040281295776,0.060821425169706345,0.22947092354297638,2.914761781692505,175.3992462158203,28.796117782592773
1779271017.0831728,0.29862117767333984,0.06082221865653992,0.22947104275226593,2.91522479057312,175.39854431152344,28.794559478759766
1779271017.1076534,0.29861634969711304,0.06082160770893097,0.22946393489837646,2.9148764610290527,175.3990478515625,28.793439865112305
1779271017.1342065,0.29861631989479065,0.06081978604197502,0.2294633984565735,2.915151357650757,175.39866638183594,28.791677474975586
1779271017.157799,0.2986071705818176,0.060829389840364456,0.2294594943523407,2.9134819507598877,175.39926147460938,28.785572052001953
1779271017.1834993,0.298601895570755,0.06087804585695267,0.22946466505527496,2.911868095397949,175.39694213867188,28.75572395324707
1779271017.2079344,0.2985706925392151,0.06104212999343872,0.22946296632289886,2.898820638656616,175.3888397216797,28.613136291503906
1779271017.2343388,0.29846563935279846,0.06163197010755539,0.22948004305362701,2.887434244155884,175.37872314453125,28.510997772216797
1779271017.2579055,0.2982954680919647,0.06259562820196152,0.22950564324855804,2.8761146068573,175.36795043945312,28.45232582092285
1779271017.283713,0.2981247305870056,0.06454402208328247,0.2295747846364975,2.856384754180908,175.3369903564453,28.488649368286133
1779271017.3086007,0.2981257438659668,0.0666869580745697,0.2293591946363449,2.8219833374023438,175.35426330566406,28.43973159790039
1779271017.3330092,0.298287034034729,0.0690394937992096,0.22937774658203125,2.8057332038879395,175.3223876953125,28.44825553894043
1779271017.3589168,0.2983003556728363,0.07154105603694916,0.2291267067193985,2.791356325149536,175.34246826171875,28.485315322875977
1779271017.3833344,0.298019140958786,0.07421080023050308,0.22868628799915314,2.7538294792175293,175.40017700195312,28.511638641357422
1779271017.4078424,0.29802870750427246,0.07645625621080399,0.22853443026542664,2.7290968894958496,175.40786743164062,28.452558517456055
1779271017.4332056,0.2983276844024658,0.07845907658338547,0.2287096381187439,2.8105618953704834,175.3772735595703,28.532922744750977
1779271017.4591267,0.2985689342021942,0.08004739135503769,0.22899168729782104,2.857827663421631,175.32765197753906,28.571144104003906
1779271017.482075,0.29829704761505127,0.08085189759731293,0.2288915365934372,2.844015121459961,175.41293334960938,28.500587463378906
1779271017.5093908,0.2981864809989929,0.08163609355688095,0.2289879471063614,2.8569400310516357,175.44717407226562,28.509891510009766
1779271017.5324404,0.29795464873313904,0.08245623856782913,0.2286943793296814,2.84698224067688,175.4969940185547,28.512786865234375
1779271017.5578997,0.29784995317459106,0.08299290388822556,0.22857102751731873,2.844036102294922,175.5186767578125,28.573862075805664
1779271017.5821896,0.29793673753738403,0.08337686955928802,0.22872062027454376,2.845824718475342,175.4909210205078,28.622766494750977
1779271017.6075447,0.2980954051017761,0.08370428532361984,0.22893810272216797,2.843273162841797,175.44219970703125,28.648502349853516
1779271017.6329553,0.29823458194732666,0.0838761255145073,0.22909879684448242,2.8557791709899902,175.40765380859375,28.666412353515625
1779271017.6580784,0.2982354760169983,0.08390171825885773,0.22910700738430023,2.857168436050415,175.4059600830078,28.660045623779297
1779271017.6830416,0.2982258200645447,0.0839247852563858,0.22910696268081665,2.8565635681152344,175.40621948242188,28.63743782043457
1779271017.7073119,0.29813969135284424,0.08411461859941483,0.22909963130950928,2.8484299182891846,175.40963745117188,28.574872970581055
1779271017.731675,0.2981521785259247,0.0841798409819603,0.22910872101783752,2.848280191421509,175.4020538330078,28.57996940612793
1779271017.7578716,0.2981685996055603,0.08417406678199768,0.229119673371315,2.8526711463928223,175.40011596679688,28.58383560180664
1779271017.7830675,0.2981855273246765,0.0841631218791008,0.22913296520709991,2.861504077911377,175.39944458007812,28.589954376220703
1779271017.808584,0.2981741726398468,0.08420230448246002,0.22913357615470886,2.861464738845825,175.3995361328125,28.599407196044922
1779271017.8340948,0.2981436848640442,0.08424921333789825,0.2291278839111328,2.8597612380981445,175.4033660888672,28.609899520874023
1779271017.8573055,0.29814669489860535,0.0842914804816246,0.22913673520088196,2.8642666339874268,175.40115356445312,28.622562408447266
1779271017.8832996,0.2981380820274353,0.0843072459101677,0.22913873195648193,2.8665640354156494,175.4029998779297,28.62986946105957
1779271017.908221,0.2981191575527191,0.08437169343233109,0.22913728654384613,2.866135835647583,175.40310668945312,28.64400863647461
1779271017.9330509,0.2981066405773163,0.08446041494607925,0.22914302349090576,2.8676059246063232,175.40049743652344,28.663366317749023
1779271017.9589493,0.2980973720550537,0.08448337018489838,0.22914378345012665,2.868316888809204,175.40147399902344,28.669321060180664
1779271017.9822257,0.29808855056762695,0.08450832962989807,0.22914139926433563,2.867518186569214,175.4015350341797,28.675960540771484
1779271018.008444,0.2980857491493225,0.08451475948095322,0.22914156317710876,2.868340253829956,175.4021453857422,28.68027687072754
1779271018.0320227,0.2980875074863434,0.08451145142316818,0.229142963886261,2.868657112121582,175.4021453857422,28.681068420410156
1779271018.0598805,0.2980860471725464,0.08450668305158615,0.229145810008049,2.869739055633545,175.4032440185547,28.683801651000977
1779271018.0829554,0.2980786859989166,0.08449964970350266,0.22914114594459534,2.869943141937256,175.4053497314453,28.684812545776367
1779271018.107865,0.298086017370224,0.08450375497341156,0.2291424721479416,2.869081497192383,175.40345764160156,28.684566497802734
1779271018.1331453,0.29808372259140015,0.0845031812787056,0.2291412353515625,2.86948561668396,175.4039306640625,28.687461853027344
1779271018.1593065,0.2980881333351135,0.08451098948717117,0.22914454340934753,2.8693528175354004,175.40245056152344,28.689620971679688
1779271018.182999,0.29808202385902405,0.08450840413570404,0.2291414588689804,2.869190216064453,175.40394592285156,28.69184684753418
1779271018.2087228,0.2980843484401703,0.08450601249933243,0.22914107143878937,2.8702187538146973,175.404052734375,28.69255828857422
1779271018.2338097,0.298082560300827,0.08450430631637573,0.22914110124111176,2.869619607925415,175.40440368652344,28.69388198852539
1779271018.2597222,0.2980814576148987,0.08450053632259369,0.2291410118341446,2.870958089828491,175.40513610839844,28.695755004882812
1779271018.2823873,0.29808342456817627,0.0845021903514862,0.22914135456085205,2.8700547218322754,175.404541015625,28.69645118713379
1779271018.3087325,0.29808667302131653,0.08449708670377731,0.22914186120033264,2.870664119720459,175.4042510986328,28.698322296142578
1779271018.3334162,0.2980864942073822,0.08450500667095184,0.2291429489850998,2.8701059818267822,175.40371704101562,28.70023536682129
1779271018.3588428,0.29808521270751953,0.08449560403823853,0.2291424721479416,2.870516300201416,175.40478515625,28.700918197631836
1779271018.384656,0.2980847656726837,0.08449135720729828,0.22914257645606995,2.87203311920166,175.40577697753906,28.704755783081055
1779271018.4075913,0.29807376861572266,0.08448903262615204,0.2291385680437088,2.8717715740203857,175.408203125,28.705371856689453
1779271018.4332616,0.2980840802192688,0.08449849486351013,0.2291388213634491,2.8708503246307373,175.4050750732422,28.70830726623535
1779271018.4585576,0.2980831265449524,0.08449741452932358,0.22914005815982819,2.8722217082977295,175.40585327148438,28.713144302368164
1779271018.4834964,0.29807615280151367,0.08449109643697739,0.22913646697998047,2.8715858459472656,175.40780639648438,28.71565818786621
1779271018.50814,0.2980872690677643,0.08449513465166092,0.22914202511310577,2.872037649154663,175.4052276611328,28.719987869262695
1779271018.5334854,0.29808327555656433,0.08448664098978043,0.2291397750377655,2.8803577423095703,175.41165161132812,28.815351486206055
1779271018.5583806,0.2980954647064209,0.08449242264032364,0.22914065420627594,2.883941411972046,175.41067504882812,28.8619327545166
1779271018.5839531,0.29812732338905334,0.08451426774263382,0.2291247695684433,2.8833587169647217,175.40089416503906,28.861906051635742
1779271018.6076524,0.2981735169887543,0.08453559130430222,0.2290618121623993,2.884221076965332,175.38720703125,28.86174201965332
1779271018.6343124,0.2983984351158142,0.0845719426870346,0.22854463756084442,2.903712749481201,175.35365295410156,28.87250518798828
1779271018.6578112,0.29885417222976685,0.0844731405377388,0.2274879813194275,2.981541872024536,175.29835510253906,28.909757614135742
1779271018.6834507,0.2989339232444763,0.08449731767177582,0.2257833629846573,2.985675096511841,175.2830810546875,28.925167083740234
1779271018.709283,0.29897838830947876,0.08460153639316559,0.22365698218345642,2.9758331775665283,175.2823944091797,28.942228317260742
1779271018.7346482,0.2989499568939209,0.08463786542415619,0.2213052213191986,2.965134620666504,175.30691528320312,28.945398330688477
1779271018.7594643,0.2989598512649536,0.08465641736984253,0.2191314548254013,2.951382637023926,175.306884765625,28.854816436767578
1779271018.7839315,0.299226313829422,0.08482830971479416,0.21695606410503387,2.9402990341186523,175.2273406982422,28.833709716796875
1779271018.807192,0.29912495613098145,0.08485230803489685,0.21463453769683838,2.9234495162963867,175.2311248779297,28.851823806762695
1779271018.8326004,0.2991850972175598,0.08492067456245422,0.21219882369041443,2.9170877933502197,175.20016479492188,28.870716094970703
1779271018.8583257,0.29927879571914673,0.08501917123794556,0.20963412523269653,2.908700704574585,175.17965698242188,28.872833251953125
1779271018.8829038,0.2991950511932373,0.0850362554192543,0.20692744851112366,2.888989210128784,175.19677734375,28.77849578857422
1779271018.9075875,0.2990491986274719,0.0850142389535904,0.20425871014595032,2.882725477218628,175.23960876464844,28.800405502319336
1779271018.9332166,0.29901739954948425,0.08502879738807678,0.20181581377983093,2.8774800300598145,175.22946166992188,28.824722290039062
1779271018.9572833,0.29893335700035095,0.08501219749450684,0.1993696242570877,2.8686914443969727,175.23898315429688,28.841360092163086
1779271018.9821272,0.29884886741638184,0.08500461280345917,0.19697259366512299,2.8583457469940186,175.2474822998047,28.850976943969727
1779271019.0082338,0.2989160716533661,0.08508515357971191,0.19465672969818115,2.844650983810425,175.21298217773438,28.825132369995117
1779271019.0329916,0.2987828254699707,0.08504429459571838,0.1922129988670349,2.830946445465088,175.24166870117188,28.72993278503418
1779271019.0586762,0.2986431419849396,0.08498380333185196,0.18969355523586273,2.8310647010803223,175.27542114257812,28.756502151489258
1779271019.0834808,0.2986386716365814,0.08497671782970428,0.18746502697467804,2.83420991897583,175.27151489257812,28.78229331970215
1779271019.1077797,0.29860472679138184,0.0847574919462204,0.18555128574371338,2.88287615776062,175.31077575683594,28.823123931884766
1779271019.1337366,0.29877349734306335,0.08460717648267746,0.18379835784435272,2.9403772354125977,175.3141632080078,28.86466407775879
1779271019.1586099,0.29843857884407043,0.0844171866774559,0.1822296380996704,2.9339935779571533,175.389404296875,28.828901290893555
1779271019.1835487,0.2984420955181122,0.08445095270872116,0.18131983280181885,2.919036865234375,175.37591552734375,28.731353759765625
1779271019.209125,0.29822587966918945,0.08433249592781067,0.18052396178245544,2.9197134971618652,175.42111206054688,28.739727020263672
1779271019.2335017,0.2982402443885803,0.0843597948551178,0.1800798922777176,2.91334867477417,175.38497924804688,28.745586395263672
1779271019.2594824,0.2981562912464142,0.08431627601385117,0.17983630299568176,2.912710666656494,175.38658142089844,28.74919319152832
1779271019.283517,0.2981436550617218,0.08431845903396606,0.17976081371307373,2.9119796752929688,175.3901824951172,28.751529693603516
1779271019.3074014,0.2980246841907501,0.08426082879304886,0.17962978780269623,2.9128570556640625,175.4097137451172,28.75480842590332
1779271019.333148,0.2979431748390198,0.08422191441059113,0.1795104295015335,2.91117787361145,175.4207000732422,28.754302978515625
1779271019.3575616,0.29805684089660645,0.08428750932216644,0.17951801419258118,2.9105641841888428,175.38870239257812,28.757020950317383
1779271019.3827436,0.2983432710170746,0.08446107804775238,0.179529070854187,2.9043092727661133,175.30477905273438,28.759302139282227
1779271019.4089873,0.29836922883987427,0.08446688205003738,0.17953744530677795,2.904489517211914,175.29905700683594,28.75942611694336
1779271019.432711,0.29832205176353455,0.08443304151296616,0.17954227328300476,2.9053518772125244,175.31321716308594,28.757362365722656
1779271019.4579039,0.29811906814575195,0.08431200683116913,0.1795528084039688,2.9081525802612305,175.37318420410156,28.755449295043945
1779271019.482826,0.29757508635520935,0.08396202325820923,0.17959551513195038,2.91874361038208,175.5363311767578,28.747581481933594
1779271019.5084496,0.29698416590690613,0.0835922509431839,0.1798677146434784,2.9272730350494385,175.70864868164062,28.735368728637695
1779271019.5333092,0.29643136262893677,0.08324019610881805,0.18054498732089996,2.9403085708618164,175.89212036132812,28.720956802368164
1779271019.5579436,0.2964889109134674,0.08325738459825516,0.18195898830890656,2.942850112915039,175.86148071289062,28.70789909362793
1779271019.5842423,0.2966551184654236,0.08331433683633804,0.18403494358062744,2.9515702724456787,175.81900024414062,28.693117141723633
1779271019.6077254,0.29687434434890747,0.08337513357400894,0.18629412353038788,2.9569573402404785,175.7364959716797,28.671369552612305
1779271019.6329215,0.29702579975128174,0.08336684852838516,0.1887049823999405,2.9717752933502197,175.68130493164062,28.658447265625
1779271019.657398,0.29706504940986633,0.08333319425582886,0.1910436749458313,2.984534978866577,175.67251586914062,28.671972274780273
1779271019.683504,0.2968100309371948,0.08315179497003555,0.19330662488937378,3.0019164085388184,175.74403381347656,28.78065299987793
1779271019.7082384,0.29686373472213745,0.08315305411815643,0.19578294456005096,3.00707745552063,175.75038146972656,28.755613327026367
1779271019.7327182,0.2969478964805603,0.08315598219633102,0.1982010304927826,3.0150749683380127,175.7375030517578,28.73672103881836
1779271019.758518,0.29713907837867737,0.08329818397760391,0.20094996690750122,3.0038509368896484,175.6832275390625,28.716981887817383
1779271019.7833958,0.2970866858959198,0.08342280983924866,0.20356924831867218,2.973691701889038,175.6696014404297,28.775463104248047
1779271019.8093214,0.2970108389854431,0.08371080458164215,0.20600923895835876,2.9012625217437744,175.6638946533203,28.762853622436523
1779271019.8337123,0.29672205448150635,0.08354990929365158,0.2081962525844574,2.9002974033355713,175.74407958984375,28.7321720123291
1779271019.8573804,0.2968955636024475,0.08365724980831146,0.21075953543186188,2.8989388942718506,175.70970153808594,28.710397720336914
1779271019.8833928,0.2970718741416931,0.08370538800954819,0.2134924978017807,2.9073891639709473,175.66517639160156,28.691875457763672
1779271019.908722,0.29712197184562683,0.08368854224681854,0.21611307561397552,2.9153242111206055,175.65597534179688,28.681055068969727
1779271019.93428,0.2973235845565796,0.08372103422880173,0.21901491284370422,2.9348673820495605,175.61407470703125,28.754493713378906
1779271019.9570887,0.29746901988983154,0.08380316197872162,0.22134406864643097,2.9356439113616943,175.58953857421875,28.76617431640625
1779271019.9838636,0.2973721921443939,0.08378351479768753,0.22386807203292847,2.925525426864624,175.6089630126953,28.73465919494629
1779271020.008279,0.29723870754241943,0.08388057351112366,0.22635629773139954,2.8851118087768555,175.6285858154297,28.692256927490234
1779271020.0330048,0.29738497734069824,0.08419273048639297,0.22879378497600555,2.831381320953369,175.57199096679688,28.655797958374023
1779271020.0587864,0.29730236530303955,0.08416875451803207,0.23142589628696442,2.827103853225708,175.58987426757812,28.64325714111328
1779271020.083267,0.29737013578414917,0.08416673541069031,0.23399513959884644,2.8433423042297363,175.57876586914062,28.7530460357666
1779271020.1081002,0.2974936068058014,0.08418475836515427,0.23663778603076935,2.8553566932678223,175.5592498779297,28.75789451599121
1779271020.1335618,0.2974643111228943,0.0841393768787384,0.23894348740577698,2.8600165843963623,175.58741760253906,28.734304428100586
1779271020.1585732,0.2974371314048767,0.08407770842313766,0.2414783388376236,2.869241714477539,175.60546875,28.71478271484375
1779271020.1823292,0.29764631390571594,0.08416425436735153,0.24401870369911194,2.873350143432617,175.549560546875,28.70330810546875
1779271020.2084434,0.2976700961589813,0.08418352156877518,0.24656924605369568,2.8718490600585938,175.55499267578125,28.70615005493164
1779271020.2328858,0.29756924510002136,0.08409199118614197,0.24912680685520172,2.8868727684020996,175.57606506347656,28.80061149597168
1779271020.2581873,0.29783138632774353,0.08419942110776901,0.25179600715637207,2.893855571746826,175.52427673339844,28.783987045288086
1779271020.283396,0.29768019914627075,0.0840599536895752,0.2541519105434418,2.9041566848754883,175.5643310546875,28.759098052978516
1779271020.3075068,0.2978273332118988,0.0841364935040474,0.25677597522735596,2.9039809703826904,175.52186584472656,28.735628128051758
1779271020.33228,0.2979404330253601,0.08419959247112274,0.25928395986557007,2.9015655517578125,175.5023651123047,28.711668014526367
1779271020.3586996,0.29791247844696045,0.08415476977825165,0.26180505752563477,2.905197858810425,175.5133056640625,28.692106246948242
1779271020.3824642,0.29786771535873413,0.0840936228632927,0.2641357183456421,2.912393808364868,175.55633544921875,28.675851821899414
1779271020.4086275,0.2978675067424774,0.08407727628946304,0.26678913831710815,2.9188647270202637,175.55274963378906,28.711641311645508
1779271020.433107,0.2979452311992645,0.08413136005401611,0.26932233572006226,2.921605348587036,175.52561950683594,28.784942626953125
1779271020.458773,0.2980898320674896,0.08420515060424805,0.2720244824886322,2.9200363159179688,175.47874450683594,28.758892059326172
1779271020.4834647,0.29820847511291504,0.08425132185220718,0.27456235885620117,2.9223618507385254,175.43162536621094,28.739070892333984
1779271020.5076003,0.2981311082839966,0.08418942242860794,0.2767781615257263,2.925161361694336,175.4528350830078,28.72042465209961
1779271020.5318859,0.29810023307800293,0.08417016267776489,0.27854597568511963,2.924825668334961,175.46731567382812,28.71199607849121
1779271020.5588365,0.29800689220428467,0.08409345895051956,0.28002485632896423,2.933929681777954,175.5049591064453,28.746501922607422
1779271020.5822752,0.29798775911331177,0.08409307152032852,0.2809939980506897,2.9390647411346436,175.5203399658203,28.837671279907227
1779271020.607763,0.29812583327293396,0.08416958898305893,0.28176116943359375,2.9388582706451416,175.48536682128906,28.832672119140625
1779271020.6335275,0.2983020842075348,0.084272600710392,0.28245431184768677,2.934967041015625,175.4375457763672,28.82439422607422
1779271020.6569338,0.29816102981567383,0.084191232919693,0.2828531861305237,2.9351906776428223,175.47845458984375,28.81671714782715
1779271020.6838791,0.29830875992774963,0.08428984135389328,0.2831209599971771,2.9314846992492676,175.43629455566406,28.814476013183594
1779271020.7083657,0.29840487241744995,0.08434592932462692,0.2832642197608948,2.9317209720611572,175.4100341796875,28.81495475769043
1779271020.7342646,0.2985234558582306,0.08443227410316467,0.2834259271621704,2.9292430877685547,175.37550354003906,28.815269470214844
1779271020.7582898,0.2985425889492035,0.08445195108652115,0.28345125913619995,2.9280786514282227,175.36920166015625,28.814830780029297
1779271020.7823362,0.29854875802993774,0.08445218205451965,0.2834598422050476,2.928021192550659,175.36788940429688,28.81402587890625
1779271020.8087943,0.29855796694755554,0.08444385230541229,0.28347039222717285,2.9281537532806396,175.3662109375,28.811485290527344
1779271020.8329306,0.2985600233078003,0.08444344252347946,0.283469557762146,2.9280591011047363,175.3659210205078,28.81017303466797
1779271020.8577137,0.29857227206230164,0.08444631844758987,0.2834737002849579,2.9280636310577393,175.3625030517578,28.80849266052246
1779271020.883502,0.29857054352760315,0.08445180207490921,0.2834712266921997,2.9272403717041016,175.36280822753906,28.809040069580078
1779271020.9082386,0.29857495427131653,0.08445876091718674,0.28347402811050415,2.9270265102386475,175.3609161376953,28.807891845703125
1779271020.9354317,0.2985774874687195,0.08446121215820312,0.28347015380859375,2.9268083572387695,175.3601531982422,28.807973861694336
1779271020.957757,0.29858237504959106,0.0844622477889061,0.2834708094596863,2.9269003868103027,175.35919189453125,28.807031631469727
1779271020.9840775,0.2985804080963135,0.08446202427148819,0.28346872329711914,2.926668882369995,175.35955810546875,28.80636215209961
1779271021.009255,0.29858314990997314,0.08446767181158066,0.2834659218788147,2.9259278774261475,175.35858154296875,28.805898666381836
1779271021.0332599,0.29858237504959106,0.08446210622787476,0.2834654450416565,2.925962209701538,175.35910034179688,28.805255889892578
1779271021.0571153,0.29858794808387756,0.08447153866291046,0.2834669351577759,2.9253649711608887,175.3570556640625,28.80449104309082
1779271021.083254,0.29858851432800293,0.08446852117776871,0.2834644317626953,2.9253790378570557,175.35699462890625,28.804189682006836
1779271021.1081781,0.29859253764152527,0.08446650952100754,0.2834635376930237,2.92545223236084,175.35617065429688,28.802223205566406
1779271021.1327746,0.2985948622226715,0.08446852117776871,0.28346091508865356,2.925992250442505,175.3558349609375,28.802263259887695
1779271021.157769,0.29859521985054016,0.08447278290987015,0.2834576368331909,2.9248909950256348,175.35511779785156,28.80164909362793
1779271021.18262,0.2985917329788208,0.08447784930467606,0.2834544777870178,2.924203395843506,175.3554229736328,28.80144500732422
1779271021.2083476,0.29859495162963867,0.08447644859552383,0.2834553122520447,2.924166440963745,175.3548126220703,28.80070686340332
1779271021.2331746,0.298592209815979,0.08447463810443878,0.2834540605545044,2.924410343170166,175.35556030273438,28.800844192504883
1779271021.256811,0.29859459400177,0.0844746008515358,0.28345048427581787,2.9240994453430176,175.35487365722656,28.799640655517578
1779271021.281904,0.29858991503715515,0.08447466045618057,0.2834457457065582,2.92364501953125,175.35592651367188,28.799081802368164
1779271021.306567,0.29859429597854614,0.08447287976741791,0.28344282507896423,2.9237875938415527,175.355224609375,28.797975540161133
1779271021.3323233,0.29859140515327454,0.084474578499794,0.28343939781188965,2.923840045928955,175.3557586669922,28.798986434936523
1779271021.3575892,0.2985919713973999,0.08447763323783875,0.2834392189979553,2.923468828201294,175.3552703857422,28.797565460205078
1779271021.383376,0.2985931634902954,0.08447391539812088,0.2834358811378479,2.9237377643585205,175.3553009033203,28.797687530517578
1779271021.4087842,0.2985873818397522,0.0844804048538208,0.2834280729293823,2.9229331016540527,175.35621643066406,28.7988224029541
1779271021.4340413,0.29858797788619995,0.08448194712400436,0.28342753648757935,2.922470808029175,175.3560028076172,28.798439025878906
1779271021.4585073,0.29858097434043884,0.08447679132223129,0.28341856598854065,2.922719955444336,175.3579864501953,28.79804229736328
1779271021.4829874,0.2985879182815552,0.08446895331144333,0.28342175483703613,2.9239728450775146,175.35736083984375,28.79701805114746
1779271021.5091095,0.29858145117759705,0.08446495234966278,0.2834116220474243,2.9241929054260254,175.3590087890625,28.796567916870117
1779271021.5325954,0.2985795736312866,0.08447370678186417,0.2834051549434662,2.922417640686035,175.35861206054688,28.796335220336914
1779271021.558344,0.2985759973526001,0.08446779102087021,0.2833993434906006,2.922917604446411,175.35997009277344,28.796308517456055
1779271021.5860407,0.298572301864624,0.08447003364562988,0.28339874744415283,2.9226224422454834,175.36073303222656,28.795530319213867
1779271021.6068587,0.29857397079467773,0.08446954190731049,0.2833951413631439,2.9223523139953613,175.3602752685547,28.794723510742188
1779271021.6338277,0.29856690764427185,0.08446990698575974,0.2833873927593231,2.92199969291687,175.36187744140625,28.795530319213867
1779271021.657804,0.2985632121562958,0.08446421474218369,0.2833814024925232,2.9222910404205322,175.3630828857422,28.795570373535156
1779271021.6835856,0.2985612154006958,0.0844581201672554,0.2833748459815979,2.9219820499420166,175.3639678955078,28.79311180114746
1779271021.7086146,0.29856017231941223,0.08446328341960907,0.2833741009235382,2.921895742416382,175.36375427246094,28.79500961303711
1779271021.73365,0.2985588014125824,0.08445677906274796,0.28336724638938904,2.9229607582092285,175.3650360107422,28.79479217529297
1779271021.7579489,0.29855114221572876,0.08445825427770615,0.2833579182624817,2.921639919281006,175.3662109375,28.793821334838867
1779271021.7827842,0.2985461354255676,0.08445516973733902,0.2833508253097534,2.922105073928833,175.36782836914062,28.794178009033203
1779271021.8075848,0.29854223132133484,0.08445300161838531,0.2833435833454132,2.9216437339782715,175.3688507080078,28.792810440063477
1779271021.8326175,0.2985379993915558,0.08445560932159424,0.28333932161331177,2.921689987182617,175.36978149414062,28.79386329650879
1779271021.8580446,0.298536092042923,0.08444728702306747,0.2833344638347626,2.9223852157592773,175.3708038330078,28.793657302856445
1779271021.8826363,0.29853013157844543,0.08444586396217346,0.283325731754303,2.9217922687530518,175.37197875976562,28.793493270874023
1779271021.9083881,0.2985237240791321,0.08444090932607651,0.28331831097602844,2.9220051765441895,175.3739776611328,28.792238235473633
1779271021.9333076,0.2985188961029053,0.08444009721279144,0.28330838680267334,2.921692371368408,175.3752899169922,28.793302536010742
1779271021.958543,0.29851728677749634,0.08443635702133179,0.283302903175354,2.9223732948303223,175.37623596191406,28.79401397705078
1779271021.9815898,0.298509418964386,0.08443278819322586,0.28329262137413025,2.921957015991211,175.3781280517578,28.79301643371582
1779271022.0084636,0.2984989881515503,0.08442579954862595,0.28328031301498413,2.9218645095825195,175.3811492919922,28.792701721191406
1779271022.0324883,0.29849088191986084,0.08441992104053497,0.28326964378356934,2.922513008117676,175.38360595703125,28.792619705200195
1779271022.0588825,0.2984795570373535,0.0844142735004425,0.2832528352737427,2.9221789836883545,175.38653564453125,28.792264938354492
1779271022.0823188,0.29847252368927,0.0844084694981575,0.2832375466823578,2.922245740890503,175.38865661621094,28.79207420349121
1779271022.1073282,0.29845210909843445,0.0844017043709755,0.283219575881958,2.9219446182250977,175.39385986328125,28.79207420349121
1779271022.13236,0.2984340190887451,0.08438865840435028,0.28319647908210754,2.9228382110595703,175.39926147460938,28.792715072631836
1779271022.1583984,0.2984046936035156,0.08436962962150574,0.2831542491912842,2.9230573177337646,175.40760803222656,28.791868209838867
1779271022.183795,0.2983510494232178,0.08434154838323593,0.283084511756897,2.923092842102051,175.42227172851562,28.792156219482422
1779271022.2078443,0.29829487204551697,0.0843028649687767,0.2830135226249695,2.9240729808807373,175.43841552734375,28.791868209838867
1779271022.2328393,0.29827776551246643,0.08429133892059326,0.28299033641815186,2.923975944519043,175.44302368164062,28.791458129882812
1779271022.2582908,0.2982698380947113,0.08429387211799622,0.2829771935939789,2.923151969909668,175.4449920654297,28.79113006591797
1779271022.2844594,0.2982628047466278,0.08428392559289932,0.28296589851379395,2.924374580383301,175.44773864746094,28.791963577270508
1779271022.309067,0.29825925827026367,0.08428677916526794,0.2829652726650238,2.923309803009033,175.4478759765625,28.791828155517578
1779271022.3331945,0.29825299978256226,0.08428007364273071,0.2829588055610657,2.9241533279418945,175.4500274658203,28.791391372680664
1779271022.3576458,0.2982536852359772,0.08428099006414413,0.2829565405845642,2.924391746520996,175.44979858398438,28.791746139526367
1779271022.3837993,0.29825085401535034,0.08428261429071426,0.28295183181762695,2.9233360290527344,175.45018005371094,28.791391372680664
1779271022.4083858,0.2982517182826996,0.08427684009075165,0.2829517126083374,2.924154281616211,175.45057678222656,28.790830612182617
1779271022.4336846,0.29824766516685486,0.08428208529949188,0.2829509377479553,2.924017906188965,175.4512939453125,28.79230499267578
1779271022.4583132,0.2982509732246399,0.08427857607603073,0.28295210003852844,2.924417495727539,175.45059204101562,28.791622161865234
1779271022.4825768,0.29825207591056824,0.08427849411964417,0.2829504907131195,2.924607515335083,175.4503936767578,28.79210090637207
1779271022.508177,0.29824864864349365,0.08427987992763519,0.2829471230506897,2.923224449157715,175.4510040283203,28.79201889038086
1779271022.53396,0.2982478141784668,0.08427656441926956,0.28294792771339417,2.923790216445923,175.4513702392578,28.791418075561523
1779271022.5580597,0.2982470691204071,0.08427747339010239,0.28294631838798523,2.9239919185638428,175.45150756835938,28.791240692138672
1779271022.5830688,0.2982454001903534,0.08427389711141586,0.28294748067855835,2.9242210388183594,175.4521026611328,28.79115867614746
1779271022.6085384,0.2982480823993683,0.08427762985229492,0.2829447388648987,2.9233860969543457,175.45130920410156,28.791048049926758
1779271022.6335,0.29825007915496826,0.08427758514881134,0.28294873237609863,2.923973560333252,175.45095825195312,28.790966033935547
1779271022.6569507,0.2982429265975952,0.08427730202674866,0.28294163942337036,2.923180103302002,175.45265197753906,28.790857315063477
1779271022.6847715,0.2982505261898041,0.08427871763706207,0.28294700384140015,2.9239659309387207,175.45074462890625,28.79113006591797
1779271022.7074687,0.298245906829834,0.08427631855010986,0.28294551372528076,2.9236133098602295,175.45184326171875,28.791391372680664
1779271022.734104,0.298252671957016,0.08427741378545761,0.28294968605041504,2.924079418182373,175.4503631591797,28.790010452270508
